date,status,price,buy_conf,sell_conf,buy_action,current_return,filter_pass,sell_action
2023-01-03,idle,14224.12,0.9999934434890747,,FILTERED,,0.0,
2023-01-04,idle,14199.13,0.9999934434890747,,FILTERED,,0.0,
2023-01-05,idle,14301.05,0.9999934434890747,,FILTERED,,0.0,
2023-01-06,idle,14373.34,0.9999934434890747,,FILTERED,,0.0,
2023-01-09,idle,14752.21,0.9999934434890747,,BUY,,1.0,
2023-01-10,holding,14802.96,,0.8769190907478333,,1.0034401625248013,,HOLD
2023-01-11,holding,14751.44,,0.8528882265090942,,0.9999478044306582,,HOLD
2023-01-12,holding,14731.64,,0.8164807558059692,,0.998605632647583,,HOLD
2023-01-13,holding,14824.13,,0.8908857703208923,,1.004875201749433,,HOLD
2023-01-16,holding,14927.01,,0.7920873761177063,,1.0118490721051288,,HOLD
2023-01-17,holding,14932.93,,0.815163254737854,,1.0122503679109776,,HOLD
2023-01-30,holding,15493.82,,0.9646992683410645,,1.0502711119215358,,HOLD
2023-01-31,holding,15265.2,,0.9459860324859619,,1.0347737728787756,,HOLD
2023-02-01,holding,15420.13,,0.9298211336135864,,1.0452759281490704,,HOLD
2023-02-02,holding,15595.16,,0.9329571723937988,,1.057140591138548,,HOLD
2023-02-03,holding,15602.66,,0.8903066515922546,,1.0576489895412282,,HOLD
2023-02-06,holding,15392.82,,0.8761127591133118,,1.0434246800987785,,HOLD
2023-02-07,holding,15400.91,,0.8622264266014099,,1.043973072509136,,HOLD
2023-02-08,holding,15618.17,,0.9138622283935547,,1.0587003574379703,,HOLD
2023-02-09,holding,15598.71,,0.8512626886367798,,1.0573812330491499,,HOLD
2023-02-10,holding,15586.65,,0.8380217552185059,,1.0565637284176406,,HOLD
2023-02-13,holding,15544.28,,0.8079070448875427,,1.053691616374767,,HOLD
2023-02-14,holding,15654.48,,0.7767450213432312,,1.0611616835714786,,HOLD
2023-02-15,holding,15432.89,,0.9325734376907349,,1.0461408832981636,,HOLD
2023-02-16,holding,15550.5,,0.9247123003005981,,1.054113248116723,,HOLD
2023-02-17,holding,15479.7,,0.9320699572563171,,1.0493139671954237,,HOLD
2023-02-20,holding,15551.23,,0.9423738718032837,,1.054162732227917,,HOLD
2023-02-21,holding,15563.0,,0.9270697236061096,,1.0549605787878562,,HOLD
2023-02-22,holding,15418.77,,0.9479674100875854,,1.0451837385720513,,HOLD
2023-02-23,holding,15615.41,,0.942352831363678,,1.0585132668257842,,HOLD
2023-02-24,holding,15503.79,,0.9623475074768066,,1.050946942864832,,HOLD
2023-03-01,holding,15598.49,,0.9392882585525513,,1.057366320029338,,HOLD
2023-03-02,holding,15598.72,,0.9150540828704834,,1.0573819109136868,,HOLD
2023-03-03,holding,15608.42,,0.9208894968032837,,1.0580394395144863,,HOLD
2023-03-06,holding,15763.51,,0.9115826487541199,,1.068552440617372,,HOLD
2023-03-07,holding,15857.89,,0.8607945442199707,,1.0749501261166972,,HOLD
2023-03-08,holding,15818.2,,0.87502121925354,,1.0722596817697145,,HOLD
2023-03-09,holding,15770.66,,0.8730466961860657,,1.0690371137612602,,HOLD
2023-03-10,holding,15526.2,,0.9405817985534668,,1.0524660372920398,,HOLD
2023-03-13,holding,15560.49,,0.9289185404777527,,1.0547904347890926,,HOLD
2023-03-14,holding,15360.42,,0.9555913209915161,,1.0412283989992008,,HOLD
2023-03-15,holding,15387.59,,0.9649524688720703,,1.0430701569459764,,HOLD
2023-03-16,holding,15221.12,,0.9693101644515991,,1.031785746000091,,HOLD
2023-03-17,holding,15452.96,,0.9736507534980774,,1.047501357423735,,HOLD
2023-03-20,holding,15419.97,,0.9487401843070984,,1.04526508231648,,HOLD
2023-03-21,holding,15513.45,,0.9483788013458252,,1.0516017600074838,,HOLD
2023-03-22,holding,15760.46,,0.939325213432312,,1.0683456919336154,,HOLD
2023-03-23,holding,15863.95,,0.8763434886932373,,1.0753609120260625,,HOLD
2023-03-24,holding,15914.7,,0.8490042090415955,,1.078801074550864,,HOLD
2023-03-27,holding,15830.31,,0.7521830201148987,,1.0730805757239086,,HOLD
2023-03-28,holding,15701.48,,0.8012643456459045,,1.0643476468949398,,HOLD
2023-03-29,holding,15769.76,,0.8396093845367432,,1.0689761059529386,,HOLD
2023-03-30,holding,15849.43,,0.8006905913352966,,1.0743766527184742,,HOLD
2023-03-31,holding,15868.06,,0.8550005555152893,,1.0756395143507311,,HOLD
2023-04-06,holding,15810.77,,0.8027912378311157,,1.071756028418793,,HOLD
2023-04-07,holding,15836.5,,0.8346131443977356,,1.0735001738722538,,HOLD
2023-04-10,holding,15876.17,,0.8570833206176758,,1.0761892624901626,,HOLD
2023-04-11,holding,15913.88,,0.9149273037910461,,1.0787454896588375,,HOLD
2023-04-12,holding,15932.97,,0.8693313598632812,,1.0800395330597925,,HOLD
2023-04-13,holding,15804.76,,0.9158352017402649,,1.071348631832112,,HOLD
2023-04-14,holding,15929.43,,0.9148374795913696,,1.0797995690137274,,HOLD
2023-04-17,holding,15963.55,,0.9000747203826904,,1.082112442813653,,HOLD
2023-04-18,holding,15869.44,,0.924009382724762,,1.0757330596568244,,HOLD
2023-04-19,holding,15770.47,,0.9438429474830627,,1.0690242343350589,,HOLD
2023-04-20,holding,15707.52,,0.9604148268699646,,1.0647570770752315,,HOLD
2023-04-21,holding,15602.99,,0.9731290340423584,,1.0576713590709461,,HOLD
2023-04-24,holding,15626.87,,0.9558899402618408,,1.0592900995850791,,HOLD
2023-04-25,holding,15370.73,,0.9765987396240234,,1.0419272773367516,,HOLD
2023-04-26,holding,15374.63,,0.9654614925384521,,1.0421916445061452,,HOLD
2023-04-27,holding,15411.49,,0.9601506590843201,,1.0446902531891833,,HOLD
2023-04-28,holding,15579.18,,0.9643527865409851,,1.0560573636085713,,HOLD
2023-05-02,holding,15636.48,,0.9564545750617981,,1.0599415274050465,,HOLD
2023-05-03,holding,15553.41,,0.9372621774673462,,1.0543105066969627,,HOLD
2023-05-04,holding,15609.03,,0.9252356290817261,,1.0580807892512376,,HOLD
2023-05-05,holding,15626.07,,0.8781703114509583,,1.0592358704221265,,HOLD
2023-05-08,holding,15699.57,,0.8770749568939209,,1.0642181747683908,,HOLD
2023-05-09,holding,15727.7,,0.8061940670013428,,1.0661250077107092,,HOLD
2023-05-10,holding,15641.76,,0.8072441816329956,,1.0602994398805332,,HOLD
2023-05-11,holding,15514.64,,0.9095519781112671,,1.0516824258873756,,HOLD
2023-05-12,holding,15502.36,,0.9433623552322388,,1.0508500082360541,,HOLD
2023-05-15,holding,15475.05,,0.9457334280014038,,1.048998760185762,,HOLD
2023-05-16,holding,15673.9,,0.9544210433959961,,1.0624780965021512,,HOLD
2023-05-17,holding,15925.29,,0.9499605894088745,,1.0795189330954482,,HOLD
2023-05-18,holding,16101.88,,0.9293046593666077,,1.091489342952683,,HOLD
2023-05-19,holding,16174.92,,0.9172821640968323,,1.0964404655302495,,HOLD
2023-05-22,holding,16180.89,,0.8299691677093506,,1.0968451506587826,,HOLD
2023-05-23,holding,16188.03,,0.8207215666770935,,1.097329145938134,,HOLD
2023-05-24,holding,16159.32,,0.7620560526847839,,1.095382996852675,,HOLD
2023-05-25,holding,16292.0,,0.9137811660766602,,1.1043769035283528,,HOLD
2023-05-26,holding,16505.05,,0.9393615126609802,,1.1188188074871495,,HOLD
2023-05-29,holding,16636.3,,0.9043130874633789,,1.1277157795340496,,HOLD
2023-05-30,holding,16622.74,,0.8446795344352722,,1.1267965952220043,,HOLD
2023-05-31,holding,16578.96,,0.9174938797950745,,1.1238289042794267,,HOLD
2023-06-01,holding,16512.65,,0.8472015857696533,,1.1193339845351986,,HOLD
2023-06-02,holding,16706.91,,0.9032162427902222,,1.1325021810291476,,HOLD
2023-06-05,holding,16714.43,,0.8328611254692078,,1.1330119351609014,,HOLD
2023-06-06,holding,16761.66,,0.7560265064239502,,1.1362134893687117,,HOLD
2023-06-07,holding,16922.48,,0.7997635006904602,,1.1471149068512447,,HOLD
2023-06-08,holding,16733.69,,0.8555217385292053,,1.1343175022589835,,HOLD
2023-06-09,holding,16886.4,,0.7881434559822083,,1.1446691716020856,,HOLD
2023-06-12,holding,16955.37,,0.8086487650871277,,1.1493444033131308,,HOLD
2023-06-13,holding,17216.6,,0.8558236360549927,,1.1670522586107437,,HOLD
2023-06-14,holding,17238.14,,0.7377128601074219,,1.1685123788232408,,HOLD
2023-06-15,holding,17334.98,,0.806613028049469,,1.175076818998645,,HOLD
2023-06-16,holding,17288.91,,0.863250195980072,,1.171953897077116,,HOLD
2023-06-19,holding,17274.56,,0.7149713039398193,,1.170981161466655,,HOLD
2023-06-20,holding,17184.91,,0.7489433288574219,,1.1649041058932865,,HOLD
2023-06-21,holding,17202.4,,0.8044575452804565,,1.1660896909683365,,HOLD
2023-06-26,holding,17059.24,,0.8285377025604248,,1.1563853822579806,,HOLD
2023-06-27,holding,16887.9,,0.9091596603393555,,1.1447708512826216,,HOLD
2023-06-28,holding,16935.63,,0.9193744659423828,,1.148006298717277,,HOLD
2023-06-29,holding,16942.3,,0.9469379782676697,,1.1484584343633937,,HOLD
2023-06-30,holding,16915.54,,0.9601228833198547,,1.1466444688626316,,HOLD
2023-07-03,holding,17084.2,,0.9519229531288147,,1.1580773321420994,,HOLD
2023-07-04,holding,17140.77,,0.9472718834877014,,1.1619120118273805,,HOLD
2023-07-05,holding,17056.43,,0.8960692882537842,,1.1561949023231097,,HOLD
2023-07-06,holding,16762.17,,0.9194733500480652,,1.1362480604600937,,HOLD
2023-07-07,holding,16664.21,,0.9247863292694092,,1.129607699456556,,HOLD
2023-07-10,holding,16652.8,,0.9433884024620056,,1.1288342560199456,,HOLD
2023-07-11,holding,16898.91,,0.9512451887130737,,1.1455171801377557,,HOLD
2023-07-12,holding,16962.03,,0.9473076462745667,,1.1497958610947105,,HOLD
2023-07-13,holding,17061.4,,0.9492761492729187,,1.1565318009979524,,HOLD
2023-07-14,holding,17283.71,,0.9173126816749573,,1.1716014075179244,,HOLD
2023-07-17,holding,17334.29,,0.8405032157897949,,1.1750300463455985,,HOLD
2023-07-18,holding,17227.91,,0.8910645246505737,,1.1678189234019853,,HOLD
2023-07-19,holding,17116.44,,0.8824885487556458,,1.1602627674090864,,HOLD
2023-07-20,holding,17164.89,,0.7943158149719238,,1.1635470210903993,,HOLD
2023-07-21,holding,17030.7,,0.927909255027771,,1.1544507568696487,,HOLD
2023-07-24,holding,17033.61,,0.9267936944961548,,1.1546480154498886,,HOLD
2023-07-25,holding,17198.89,,0.92912358045578,,1.165851760515882,,HOLD
2023-07-26,holding,17162.55,,0.9204399585723877,,1.1633884007887632,,HOLD
2023-07-27,holding,17241.82,,0.8554743528366089,,1.1687618329728224,,HOLD
2023-07-28,holding,17292.93,,0.851181149482727,,1.1722263986209525,,HOLD
2023-07-31,holding,17145.43,,0.9393502473831177,,1.162227896701579,,HOLD
2023-08-01,holding,17212.87,,0.8701477646827698,,1.1667994151384775,,HOLD
2023-08-02,holding,16893.73,,0.9390753507614136,,1.145166046307638,,HOLD
2023-08-04,holding,16843.68,,0.9418319463729858,,1.1417733343004202,,HOLD
2023-08-07,holding,16996.0,,0.9174793362617493,,1.1520985669265826,,HOLD
2023-08-08,holding,16877.07,,0.9411813020706177,,1.1440367239891516,,HOLD
2023-08-09,holding,16870.94,,0.9385467767715454,,1.1436211930280276,,HOLD
2023-08-10,holding,16634.7,,0.9577146172523499,,1.1276073212081446,,HOLD
2023-08-11,holding,16601.25,,0.9404952526092529,,1.1253398643321917,,HOLD
2023-08-14,holding,16393.66,,0.9504221081733704,,1.111268074410546,,HOLD
2023-08-15,holding,16454.8,,0.9429519176483154,,1.1154125381891933,,HOLD
2023-08-16,holding,16446.78,,0.9506434202194214,,1.1148688908305942,,HOLD
2023-08-17,holding,16516.66,,0.955447793006897,,1.1196058082144982,,HOLD
2023-08-18,holding,16381.31,,0.9532361626625061,,1.1104309117074662,,HOLD
2023-08-21,holding,16381.49,,0.9326288104057312,,1.1104431132691306,,HOLD
2023-08-22,holding,16437.61,,0.9481295943260193,,1.1142472890502508,,HOLD
2023-08-23,holding,16576.9,,0.9160977602005005,,1.123689264184824,,HOLD
2023-08-24,holding,16770.87,,0.9480767846107483,,1.1368378026072026,,HOLD
2023-08-25,holding,16481.58,,0.8847211003303528,,1.1172278594190297,,HOLD
2023-08-28,holding,16509.26,,0.8254758715629578,,1.119104188457187,,HOLD
2023-08-29,holding,16623.65,,0.8858581185340881,,1.1268582808948626,,HOLD
2023-08-30,holding,16719.82,,0.8842617869377136,,1.133377304146294,,HOLD
2023-08-31,holding,16634.51,,0.8981007933616638,,1.1275944417819432,,HOLD
2023-09-01,holding,16644.94,,0.8732094764709473,,1.128301454493937,,HOLD
2023-09-04,holding,16789.69,,0.7614227533340454,,1.1381135436656609,,HOLD
2023-09-05,holding,16791.61,,0.766383945941925,,1.138243693656747,,HOLD
2023-09-06,holding,16738.16,,0.8106254935264587,,1.1346205077069809,,HOLD
2023-09-07,holding,16619.14,,0.8458901643753052,,1.1265525639887177,,HOLD
2023-09-08,holding,16576.02,,0.8959095478057861,,1.1236296121055762,,HOLD
2023-09-11,holding,16432.95,,0.945199191570282,,1.1139314041760524,,HOLD
2023-09-12,holding,16572.71,,0.9363052845001221,,1.12340523894386,,HOLD
2023-09-13,holding,16581.51,,0.9259538650512695,,1.1240017597363379,,HOLD
2023-09-14,holding,16807.56,,0.9067057967185974,,1.1393248875931132,,HOLD
2023-09-15,holding,16920.92,,0.9512355923652649,,1.147009159983487,,HOLD
2023-09-18,holding,16698.24,,0.8355485200881958,,1.1319144724756496,,HOLD
2023-09-19,holding,16636.32,,0.843003511428833,,1.1277171352631232,,HOLD
2023-09-20,holding,16534.75,,0.8857703804969788,,1.1208320651617623,,HOLD
2023-09-21,holding,16316.67,,0.9520004391670227,,1.1060491953409015,,HOLD
2023-09-22,holding,16344.48,,0.9415650963783264,,1.107934336618039,,HOLD
2023-09-25,holding,16452.23,,0.9354370832443237,,1.1152383270032085,,HOLD
2023-09-26,holding,16276.07,,0.9472020268440247,,1.1032970653210603,,HOLD
2023-09-27,holding,16310.36,,0.947957456111908,,1.1056214628181134,,HOLD
2023-09-28,holding,16353.74,,0.9594367742538452,,1.1085620391792146,,HOLD
2023-10-02,holding,16557.31,,0.9623004794120789,,1.122361327557024,,HOLD
2023-10-03,holding,16454.34,,0.9435329437255859,,1.1153813564204957,,HOLD
2023-10-04,holding,16273.38,,0.9307188391685486,,1.1031147197606326,,HOLD
2023-10-05,holding,16453.52,,0.913054883480072,,1.1153257715284695,,HOLD
2023-10-06,holding,16520.57,,0.8512329459190369,,1.1198708532484285,,HOLD
2023-10-11,holding,16672.03,,0.9299647212028503,,1.130137789524417,,HOLD
2023-10-12,holding,16825.91,,0.8590177297592163,,1.140568769018337,,HOLD
2023-10-13,holding,16782.57,,0.8450813889503479,,1.1376309041153834,,HOLD
2023-10-16,holding,16652.24,,0.7373694181442261,,1.1287962956058788,,HOLD
2023-10-17,holding,16642.55,,0.8456815481185913,,1.1281394448696163,,HOLD
2023-10-18,holding,16440.91,,0.9370040893554688,,1.11447098434743,,HOLD
2023-10-19,holding,16452.73,,0.9175939559936523,,1.1152722202300538,,HOLD
2023-10-20,holding,16440.72,,0.9487117528915405,,1.114458104921229,,HOLD
2023-10-23,holding,16251.36,,0.9431973099708557,,1.101622062050364,,HOLD
2023-10-24,holding,16309.76,,0.9428757429122925,,1.105580790945899,,HOLD
2023-10-25,holding,16358.89,,0.9567863345146179,,1.1089111394157214,,HOLD
2023-10-26,holding,16073.74,,0.956643283367157,,1.0895818321458277,,HOLD
2023-10-27,holding,16134.61,,0.9591206312179565,,1.0937079935819787,,HOLD
2023-10-30,holding,16149.68,,0.9477294087409973,,1.094729535439097,,HOLD
2023-10-31,holding,16001.27,,0.9647863507270813,,1.084669347846865,,HOLD
2023-11-01,holding,16038.56,,0.955965518951416,,1.08719710470499,,HOLD
2023-11-02,holding,16396.95,,0.9532036781311035,,1.1114910918431884,,HOLD
2023-11-03,holding,16507.65,,0.9210753440856934,,1.1189950522667453,,HOLD
2023-11-06,holding,16649.36,,0.838106095790863,,1.1286010706192497,,HOLD
2023-11-07,holding,16684.95,,0.6895983219146729,,1.1310135905061005,,HOLD
2023-11-08,holding,16740.83,,0.7789568305015564,,1.1348014975383351,,HOLD
2023-11-09,holding,16745.65,,0.6869720816612244,,1.135128228245124,,HOLD
2023-11-10,holding,16682.67,,0.7252405285835266,,1.1308590373916856,,HOLD
2023-11-13,holding,16839.29,,0.8606582880020142,,1.1414757517687182,,HOLD
2023-11-14,holding,16915.71,,0.8357686400413513,,1.1466559925597588,,HOLD
2023-11-15,holding,17128.78,,0.9101603031158447,,1.1610992522476293,,HOLD
2023-11-16,holding,17171.18,,0.8333673477172852,,1.1639733978841138,,HOLD
2023-11-17,holding,17208.95,,0.7976639866828918,,1.1665336922400102,,HOLD
2023-11-20,holding,17210.47,,0.8258687257766724,,1.1666367276496201,,HOLD
2023-11-21,holding,17416.7,,0.8688910603523254,,1.1806163279942463,,HOLD
2023-11-22,holding,17310.26,,0.7903286218643188,,1.1734011378634117,,HOLD
2023-11-23,holding,17294.55,,0.7886503338813782,,1.1723362126759314,,HOLD
2023-11-24,holding,17287.42,,0.8024259805679321,,1.1718528952611167,,HOLD
2023-11-27,holding,17137.42,,0.8826417922973633,,1.1616849272075167,,HOLD
2023-11-28,holding,17341.25,,0.898059606552124,,1.1755018400632855,,HOLD
2023-11-29,holding,17370.56,,0.9223232865333557,,1.177488661020959,,HOLD
2023-11-30,holding,17433.85,,0.9008241891860962,,1.1817788656750412,,HOLD
2023-12-01,holding,17438.35,,0.7371376752853394,,1.1820839047166491,,HOLD
2023-12-04,holding,17421.48,,0.8153314590454102,,1.1809403472428877,,HOLD
2023-12-05,holding,17328.01,,0.843018651008606,,1.174604347416421,,HOLD
2023-12-06,holding,17360.72,,0.8308367729187012,,1.1768216423166429,,HOLD
2023-12-07,holding,17278.74,,0.892432451248169,,1.171264508843082,,HOLD
2023-12-08,holding,17383.99,,0.8995347619056702,,1.1783990330940248,,HOLD
2023-12-11,holding,17418.34,,0.8866149187088013,,1.180727497778299,,HOLD
2023-12-12,holding,17450.63,,0.8931329250335693,,1.1829163223679708,,HOLD
2023-12-13,holding,17468.93,,0.861329972743988,,1.18415681447051,,HOLD
2023-12-14,holding,17653.11,,0.8786344528198242,,1.196641723511257,,HOLD
2023-12-15,holding,17673.87,,0.8988006711006165,,1.1980489702898751,,HOLD
2023-12-18,holding,17652.03,,0.798616886138916,,1.196568514141271,,HOLD
2023-12-19,holding,17576.55,,0.8616206049919128,,1.1914519926166995,,HOLD
2023-12-20,holding,17635.2,,0.8678650259971619,,1.1954276681256573,,HOLD
2023-12-21,holding,17543.74,,0.8973522186279297,,1.1892279190711088,,HOLD
2023-12-22,holding,17596.63,,0.8517765402793884,,1.1928131446068082,,HOLD
2023-12-25,holding,17604.84,,0.8596326112747192,,1.1933696713916084,,HOLD
2023-12-26,holding,17751.73,,0.7819398045539856,,1.2033268235742307,,HOLD
2023-12-27,holding,17891.5,,0.8214501738548279,,1.2128013362065753,,HOLD
2023-12-28,holding,17910.37,,0.739728569984436,,1.214080466587718,,HOLD
2023-12-29,holding,17930.81,,0.6857500672340393,,1.2154660217011555,,HOLD
2024-01-02,holding,17853.76,,0.7574508190155029,,1.2102430754442892,,HOLD
2024-01-03,holding,17559.31,,0.8895906805992126,,1.1902833541550726,,HOLD
2024-01-04,holding,17549.65,,0.9083326458930969,,1.1896285370124207,,HOLD
2024-01-05,holding,17519.14,,0.9355936050415039,,1.1875603723103183,,HOLD
2024-01-08,holding,17572.66,,0.9510271549224854,,1.1911883033118429,,HOLD
2024-01-09,holding,17535.49,,0.9649422764778137,,1.1886686808281608,,HOLD
2024-01-10,holding,17465.63,,0.9551812410354614,,1.1839331191733309,,HOLD
2024-01-11,holding,17545.32,,0.9584197402000427,,1.18933502166794,,HOLD
2024-01-12,holding,17512.83,,0.9403462409973145,,1.1871326397875304,,HOLD
2024-01-15,holding,17546.82,,0.9500070810317993,,1.189436701348476,,HOLD
2024-01-16,holding,17346.87,,0.9649999737739563,,1.175882799933027,,HOLD
2024-01-17,holding,17161.79,,0.9714148044586182,,1.1633368830839583,,HOLD
2024-01-18,holding,17227.79,,0.956365704536438,,1.1678107890275424,,HOLD
2024-01-19,holding,17681.52,,0.9675889015197754,,1.198567536660609,,HOLD
2024-01-22,holding,17815.1,,0.9290721416473389,,1.207622451144608,,HOLD
2024-01-23,holding,17874.59,,0.7670494914054871,,1.211655067274666,,HOLD
2024-01-24,holding,17875.83,,0.7316874861717224,,1.2117391224772427,,HOLD
2024-01-25,holding,18002.62,,0.7505639791488647,,1.2203337669406822,,HOLD
2024-01-26,holding,17995.03,,0.6925921440124512,,1.21981926775717,,HOLD
2024-01-29,holding,18119.63,,0.5831247568130493,,1.2282654598870273,,HOLD
2024-01-30,holding,18034.63,,0.7364776730537415,,1.2225036113233205,,HOLD
2024-01-31,holding,17889.56,,0.8222126364707947,,1.2126698304864154,,HOLD
2024-02-01,holding,17968.11,,0.8221971392631531,,1.2179944564238172,,HOLD
2024-02-02,holding,18059.93,,0.8521260023117065,,1.2242186086016944,,HOLD
2024-02-05,holding,18096.07,,0.8624544739723206,,1.226668411038075,,HOLD
2024-02-15,holding,18644.57,,0.9407159686088562,,1.263849280887406,,HOLD
2024-02-16,holding,18607.25,,0.8313971161842346,,1.2613194904356704,,HOLD
2024-02-19,holding,18635.8,,0.7708359360694885,,1.263254793688539,,HOLD
2024-02-20,holding,18753.16,,0.7361659407615662,,1.2712102118936757,,HOLD
2024-02-21,holding,18676.31,,0.5822381377220154,,1.266000822927548,,HOLD
2024-02-22,holding,18852.78,,0.7776671051979065,,1.2779630984103398,,HOLD
2024-02-23,holding,18889.19,,0.7615335583686829,,1.280431203189217,,HOLD
2024-02-26,holding,18948.05,,0.6754110455513,,1.2844211138534498,,HOLD
2024-02-27,holding,18854.41,,0.8112056851387024,,1.2780735903298557,,HOLD
2024-02-29,holding,18966.77,,0.8245437741279602,,1.285690076266539,,HOLD
2024-03-01,holding,18935.93,,0.7667320370674133,,1.283599542034719,,HOLD
2024-03-04,holding,19305.31,,0.816473126411438,,1.3086385022989777,,HOLD
2024-03-05,holding,19386.92,,0.7619643211364746,,1.314170554784673,,HOLD
2024-03-06,holding,19499.45,,0.7023403644561768,,1.3217985644184838,,HOLD
2024-03-07,holding,19693.52,,0.7816924452781677,,1.3349538814862316,,HOLD
2024-03-08,holding,19785.32,,0.8862293362617493,,1.341176677935035,,HOLD
2024-03-11,holding,19726.08,,0.76305091381073,,1.3371610084183998,,HOLD
2024-03-12,holding,19914.55,,0.7506686449050903,,1.3499367213454798,,HOLD
2024-03-13,holding,19928.51,,0.8405371904373169,,1.3508830202390014,,HOLD
2024-03-14,holding,19937.92,,0.7290179133415222,,1.3515208907682306,,HOLD
2024-03-15,holding,19682.5,,0.860933244228363,,1.3342068747665605,,HOLD
2024-03-18,holding,19879.85,,0.6941096186637878,,1.3475845314024135,,HOLD
2024-03-19,holding,19857.2,,0.8080529570579529,,1.34604916822632,,HOLD
2024-03-20,holding,19784.45,,0.8686965107917786,,1.3411177037203241,,HOLD
2024-03-21,holding,20199.09,,0.8806284070014954,,1.3692246788786224,,HOLD
2024-03-22,holding,20228.43,,0.79933100938797,,1.3712135334299065,,HOLD
2024-03-25,holding,20192.25,,0.5233849287033081,,1.368761019535378,,HOLD
2024-03-26,holding,20126.49,,0.6737267374992371,,1.36430338234068,,HOLD
2024-03-27,holding,20200.12,,0.5368379950523376,,1.3692944989259237,,HOLD
2024-03-28,holding,20146.55,,0.685870885848999,,1.3656631786017146,,HOLD
2024-03-29,holding,20294.45,,0.7401044964790344,,1.3756887951025645,,HOLD
2024-04-01,holding,20222.33,,0.6453364491462708,,1.3708000360623935,,HOLD
2024-04-02,holding,20466.57,,0.5605232119560242,,1.387356199511802,,HOLD
2024-04-03,holding,20337.6,,0.5735487341880798,,1.3786137805793166,,HOLD
2024-04-08,holding,20417.7,,0.5190582275390625,,1.3840434755199391,,HOLD
2024-04-09,holding,20796.2,,0.6859789490699768,,1.4097006482418568,,HOLD
2024-04-10,holding,20763.53,,0.5880621075630188,,1.4074860647997824,,HOLD
2024-04-11,holding,20753.22,,0.6009392142295837,,1.4067871864622319,,HOLD
2024-04-12,holding,20736.57,,0.7852779030799866,,1.405658542008282,,HOLD
2024-04-15,holding,20449.77,,0.7469931244850159,,1.386217387089799,,HOLD
2024-04-16,holding,19901.96,,0.8994331955909729,,1.3490832898935143,,HOLD
2024-04-17,holding,20213.33,,0.9193610548973083,,1.3701899579791776,,HOLD
2024-04-18,holding,20301.2,,0.8996614217758179,,1.3761463536649765,,HOLD
2024-04-19,holding,19527.12,,0.9651764035224915,,1.3236742155921044,,HOLD
2024-04-22,holding,19411.22,,0.926115095615387,,1.3158177656093564,,HOLD
2024-04-23,holding,19599.28,,0.8981590867042542,,1.3285656860904231,,HOLD
2024-04-24,holding,20131.74,,0.890640377998352,,1.364659261222556,,HOLD
2024-04-25,holding,19857.42,,0.8918952941894531,,1.346064081246132,,HOLD
2024-04-26,holding,20120.51,,0.850561797618866,,1.3638980193476096,,HOLD
2024-04-29,holding,20495.52,,0.7026029229164124,,1.389318617346147,,HOLD
2024-04-30,holding,20396.6,,0.5750940442085266,,1.382613181347066,,HOLD
2024-05-02,holding,20222.44,,0.5874261260032654,,1.3708074925722993,,HOLD
2024-05-03,holding,20330.32,,0.6551283597946167,,1.3781202951964486,,HOLD
2024-05-06,holding,20523.31,,0.6133752465248108,,1.3912024028942105,,HOLD
2024-05-07,holding,20653.53,,0.5742368698120117,,1.400029554893809,,HOLD
2024-05-08,holding,20700.51,,0.5262193083763123,,1.4032141624881966,,HOLD
2024-05-09,holding,20560.77,,0.5512794256210327,,1.393741683449463,,HOLD
2024-05-10,holding,20708.84,,0.6761899590492249,,1.40377882364744,,HOLD
2024-05-13,holding,20857.71,,0.6568625569343567,,1.4138701930083697,,HOLD
2024-05-14,holding,20985.85,,0.6930406093597412,,1.4225563491842916,,HOLD
2024-05-15,holding,21147.21,,0.7320231795310974,,1.4334943713518178,,HOLD
2024-05-16,holding,21304.26,,0.7613826990127563,,1.444140233903937,,HOLD
2024-05-17,holding,21258.47,,0.5817102789878845,,1.4410362921894415,,HOLD
2024-05-20,holding,21271.63,,0.7084440588951111,,1.4419283619200107,,HOLD
2024-05-21,holding,21236.75,,0.6319040060043335,,1.4395639704152803,,HOLD
2024-05-22,holding,21551.83,,0.5212095379829407,,1.4609221262441359,,HOLD
2024-05-23,holding,21607.43,,0.7033607959747314,,1.464691053069337,,HOLD
2024-05-24,holding,21565.34,,0.5378192663192749,,1.4618379212334967,,SELL
2024-05-27,idle,21803.77,0.9999934434890747,,BUY,,1.0,
2024-05-28,holding,21858.41,,0.705357551574707,,1.0025059886432484,,HOLD
2024-05-29,holding,21662.5,,0.7307983636856079,,0.9935208452483217,,HOLD
2024-05-30,holding,21364.48,,0.7577208280563354,,0.9798525667808824,,HOLD
2024-05-31,holding,21174.22,,0.9542679786682129,,0.9711265528851204,,HOLD
2024-06-03,holding,21536.76,,0.898524820804596,,0.9877539526421347,,HOLD
2024-06-04,holding,21356.62,,0.9305126667022705,,0.9794920786634604,,HOLD
2024-06-05,holding,21484.88,,0.9046451449394226,,0.9853745476126377,,HOLD
2024-06-06,holding,21902.7,,0.8720201253890991,,1.0045372887349298,,HOLD
2024-06-07,holding,21858.38,,0.603132426738739,,1.0025046127344033,,HOLD
2024-06-11,holding,21792.12,,0.7591132521629333,,0.999465688731811,,HOLD
2024-06-12,holding,22048.96,,0.700210452079773,,1.0112453029911799,,HOLD
2024-06-13,holding,22312.04,,0.6971769332885742,,1.0233111062903342,,HOLD
2024-06-14,holding,22504.72,,0.7171282768249512,,1.0321481101662695,,HOLD
2024-06-17,holding,22496.53,,0.5250667333602905,,1.031772487051551,,HOLD
2024-06-18,holding,22757.43,,0.5379853248596191,,1.0437383076412932,,SELL
2024-06-19,idle,23209.54,0.9999934434890747,,BUY,,1.0,
2024-06-20,holding,23406.1,,0.601626455783844,,1.0084689313101423,,HOLD
2024-06-21,holding,23253.39,,0.7591648697853088,,1.0018893093098786,,HOLD
2024-06-24,holding,22813.7,,0.6367815732955933,,0.9829449441910525,,HOLD
2024-06-25,holding,22875.97,,0.7029443979263306,,0.9856278926682734,,HOLD
2024-06-26,holding,22986.69,,0.5943267941474915,,0.9903983448185529,,HOLD
2024-06-27,holding,22905.98,,0.694226861000061,,0.9869208954593671,,HOLD
2024-06-28,holding,23032.25,,0.6240535974502563,,0.9923613307286572,,HOLD
2024-07-01,holding,23058.57,,0.7289071679115295,,0.9934953471718957,,HOLD
2024-07-02,holding,22879.37,,0.8010212182998657,,0.9857743841541021,,HOLD
2024-07-03,holding,23172.43,,0.7943138480186462,,0.9984010885179111,,HOLD
2024-07-04,holding,23522.53,,0.7436041831970215,,1.0134854029851517,,HOLD
2024-07-05,holding,23556.59,,0.544460117816925,,1.0149529029873061,,HOLD
2024-07-08,holding,23878.15,,0.6179523468017578,,1.0288075506882084,,HOLD
2024-07-09,holding,23900.08,,0.6786908507347107,,1.0297524207718034,,HOLD
2024-07-10,holding,24007.08,,0.558746874332428,,1.034362594002294,,HOLD
2024-07-11,holding,24390.03,,0.6419268250465393,,1.0508622747370262,,HOLD
2024-07-12,holding,23916.93,,0.6165549755096436,,1.0304784153412778,,HOLD
2024-07-15,holding,23879.36,,0.5663445591926575,,1.028859684422871,,HOLD
2024-07-16,holding,23997.25,,0.6875184774398804,,1.0339390612653245,,HOLD
2024-07-17,holding,23769.82,,0.6319516897201538,,1.02414007343532,,HOLD
2024-07-18,holding,23398.47,,0.9047667980194092,,1.0081401871816502,,HOLD
2024-07-19,holding,22869.26,,0.9235197901725769,,0.9853387874124174,,HOLD
2024-07-22,holding,22256.99,,0.9149872064590454,,0.9589586868158525,,HOLD
2024-07-23,holding,22871.84,,0.8668361306190491,,0.9854499485987227,,HOLD
2024-07-26,holding,22119.21,,0.8530844449996948,,0.953022334781301,,HOLD
2024-07-29,holding,22164.49,,0.832173764705658,,0.9549732566866901,,HOLD
2024-07-30,holding,22223.57,,0.8879859447479248,,0.9575187616816188,,HOLD
2024-07-31,holding,22199.35,,0.8655760884284973,,0.9564752252737451,,HOLD
2024-08-01,holding,22642.1,,0.860679030418396,,0.975551432729817,,HOLD
2024-08-02,holding,21638.09,,0.9221479892730713,,0.9322929278219215,,HOLD
2024-08-05,holding,19830.88,,0.952418327331543,,0.8544279636735583,,HOLD
2024-08-06,idle,20501.02,0.9999934434890747,,FILTERED,,0.0,
2024-08-07,idle,21295.28,0.9999934434890747,,FILTERED,,0.0,
2024-08-08,idle,20870.1,0.9999934434890747,,FILTERED,,0.0,
2024-08-09,idle,21469.0,0.9999934434890747,,FILTERED,,0.0,
2024-08-12,idle,21773.26,0.9999934434890747,,FILTERED,,0.0,
2024-08-13,idle,21796.57,0.9999934434890747,,FILTERED,,0.0,
2024-08-14,idle,22027.25,0.9999934434890747,,FILTERED,,0.0,
2024-08-15,idle,21895.17,0.9999934434890747,,FILTERED,,0.0,
2024-08-16,idle,22349.33,0.9999934434890747,,BUY,,1.0,
2024-08-19,holding,22409.63,,0.5320025086402893,,1.0026980674588455,,HOLD
2024-08-20,holding,22429.1,,0.6028740406036377,,1.003569234513965,,SELL
2024-08-21,idle,22237.89,0.9999934434890747,,FILTERED,,0.0,
2024-08-22,idle,22148.83,0.9999934434890747,,FILTERED,,0.0,
2024-08-23,idle,22158.05,0.9999934434890747,,FILTERED,,0.0,
2024-08-26,idle,22240.12,0.9999934434890747,,FILTERED,,0.0,
2024-08-27,idle,22185.0,0.9999934434890747,,FILTERED,,0.0,
2024-08-28,idle,22370.66,0.9999934434890747,,FILTERED,,0.0,
2024-08-29,idle,22201.85,0.9999934434890747,,FILTERED,,0.0,
2024-08-30,idle,22268.09,0.9999934434890747,,FILTERED,,0.0,
2024-09-02,idle,22235.1,0.9999934434890747,,FILTERED,,0.0,
2024-09-03,idle,22092.21,0.9999934434890747,,FILTERED,,0.0,
2024-09-04,idle,21092.75,0.9999934434890747,,FILTERED,,0.0,
2024-09-05,idle,21187.71,0.9999934434890747,,FILTERED,,0.0,
2024-09-06,idle,21435.19,0.9999934434890747,,FILTERED,,0.0,
2024-09-09,idle,21144.44,0.9999934434890747,,FILTERED,,0.0,
2024-09-10,idle,21064.08,0.9999934434890747,,FILTERED,,0.0,
2024-09-11,idle,21031.0,0.9999934434890747,,FILTERED,,0.0,
2024-09-12,idle,21653.25,0.9999934434890747,,FILTERED,,0.0,
2024-09-13,idle,21759.65,0.9999934434890747,,FILTERED,,0.0,
2024-09-16,idle,21850.08,0.9999934434890747,,FILTERED,,0.0,
2024-09-18,idle,21678.84,0.9999934434890747,,FILTERED,,0.0,
2024-09-19,idle,22042.69,0.9999934434890747,,BUY,,1.0,
2024-09-20,holding,22159.42,,0.8584831357002258,,1.0052956331554814,,HOLD
2024-09-23,holding,22285.53,,0.7327122092247009,,1.0110168042103753,,HOLD
2024-09-24,holding,22431.78,,0.7616825699806213,,1.0176516568531335,,HOLD
2024-09-25,holding,22761.6,,0.7718362212181091,,1.0326144404335404,,HOLD
2024-09-26,holding,22858.81,,0.7905105948448181,,1.0370245192397118,,HOLD
2024-09-27,holding,22822.79,,0.7525228261947632,,1.0353904174127568,,HOLD
2024-09-30,holding,22224.54,,0.860206127166748,,1.0082499005339185,,HOLD
2024-10-01,holding,22390.39,,0.7313920855522156,,1.0157739368470908,,HOLD
2024-10-04,holding,22302.71,,0.8926319479942322,,1.0117962009174017,,HOLD
2024-10-07,holding,22702.56,,0.9132583141326904,,1.0299360014589871,,HOLD
2024-10-08,holding,22611.39,,0.8984211087226868,,1.0257999363961476,,HOLD
2024-10-09,holding,22659.08,,0.858493447303772,,1.0279634654391094,,HOLD
2024-10-11,holding,22901.64,,0.6964497566223145,,1.0389675670256218,,HOLD
2024-10-14,holding,22975.29,,0.5827968120574951,,1.0423088107667442,,HOLD
2024-10-15,holding,23292.04,,0.6075918674468994,,1.056678654011829,,HOLD
2024-10-16,holding,23010.98,,0.7115176916122437,,1.043927941644146,,HOLD
2024-10-17,holding,23053.84,,0.6820058822631836,,1.0458723504254699,,HOLD
2024-10-18,holding,23487.27,,0.7899728417396545,,1.0655355585003465,,HOLD
2024-10-21,holding,23542.53,,0.620563805103302,,1.0680425120527486,,HOLD
2024-10-22,holding,23535.43,,0.5079359412193298,,1.0677204098047925,,HOLD
2024-10-23,holding,23334.76,,0.5567119717597961,,1.0586167114812213,,HOLD
2024-10-24,holding,23192.52,,0.7566022872924805,,1.0521637785587876,,HOLD
2024-10-25,holding,23348.45,,0.6520000696182251,,1.0592377790550973,,HOLD
2024-10-28,holding,23198.07,,0.8185291886329651,,1.0524155627103589,,HOLD
2024-10-29,holding,22926.59,,0.8011435866355896,,1.0400994615448478,,HOLD
2024-10-30,holding,22820.43,,0.8971440196037292,,1.0352833524401968,,HOLD
2024-11-01,holding,22780.08,,0.9270334839820862,,1.0334528136085026,,HOLD
2024-11-04,holding,22965.39,,0.8788554072380066,,1.0418596822801574,,HOLD
2024-11-05,holding,23106.79,,0.8215006589889526,,1.0482745073310018,,HOLD
2024-11-06,holding,23217.38,,0.832366943359375,,1.053291590091772,,HOLD
2024-11-07,holding,23408.82,,0.6952332854270935,,1.0619765554930003,,HOLD
2024-11-08,holding,23553.89,,0.7121393084526062,,1.0685578756494785,,HOLD
2024-11-11,holding,23529.64,,0.5263319611549377,,1.06745773768991,,HOLD
2024-11-12,holding,22981.77,,0.782864511013031,,1.0426027857761462,,HOLD
2024-11-13,holding,22860.23,,0.7629732489585876,,1.0370889396893028,,HOLD
2024-11-14,holding,22715.38,,0.8910327553749084,,1.03051760016586,,HOLD
2024-11-15,holding,22742.77,,0.929410994052887,,1.03176018897875,,HOLD
2024-11-18,holding,22546.54,,0.9430514574050903,,1.0228579179764359,,HOLD
2024-11-19,holding,22848.8,,0.9400110840797424,,1.0365704004366074,,HOLD
2024-11-20,holding,22688.36,,0.9017236232757568,,1.0292917969630748,,HOLD
2024-11-21,holding,22555.66,,0.9246233105659485,,1.0232716605822612,,HOLD
2024-11-22,holding,22904.32,,0.9262721538543701,,1.0390891492825967,,HOLD
2024-11-25,holding,22948.37,,0.9239495396614075,,1.0410875442153384,,HOLD
2024-11-26,holding,22678.76,,0.7957064509391785,,1.0288562784306272,,HOLD
2024-11-27,holding,22334.78,,0.9172607064247131,,1.0132511050148598,,HOLD
2024-11-28,holding,22298.9,,0.9278472065925598,,1.0116233544998365,,HOLD
2024-11-29,holding,22262.5,,0.9361945986747742,,1.0099720133976389,,HOLD
2024-12-02,holding,22736.93,,0.8968850374221802,,1.0314952485381776,,HOLD
2024-12-03,holding,23027.46,,0.8805444240570068,,1.0446755817915145,,HOLD
2024-12-04,holding,23255.33,,0.682522177696228,,1.0550132492903546,,HOLD
2024-12-05,holding,23267.94,,0.641277551651001,,1.05558532102933,,HOLD
2024-12-06,holding,23193.27,,0.6375797986984253,,1.052197803444135,,HOLD
2024-12-09,holding,23273.25,,0.5970626473426819,,1.05582621721759,,HOLD
2024-12-10,holding,23125.08,,0.6614557504653931,,1.0491042608683425,,HOLD
2024-12-11,holding,22903.63,,0.6128231883049011,,1.039057846388077,,HOLD
2024-12-12,holding,23046.8,,0.7440727353096008,,1.0455529701683415,,HOLD
2024-12-13,holding,23020.48,,0.7832741737365723,,1.044358923525214,,HOLD
2024-12-16,holding,23039.9,,0.8916234374046326,,1.0452399412231448,,HOLD
2024-12-17,holding,23018.01,,0.911454975605011,,1.0442468682361363,,HOLD
2024-12-18,holding,23168.67,,0.8653892874717712,,1.0510817872047378,,HOLD
2024-12-19,holding,22932.25,,0.8889194130897522,,1.0403562360129368,,HOLD
2024-12-20,holding,22510.25,,0.9357152581214905,,1.0212115671907558,,HOLD
2024-12-23,holding,23104.54,,0.8395220637321472,,1.0481724326749595,,HOLD
2024-12-24,holding,23120.24,,0.725563108921051,,1.0488846869415667,,HOLD
2024-12-25,holding,23220.13,,0.6453160047531128,,1.0534163480047127,,HOLD
2024-12-26,holding,23246.94,,0.5155702829360962,,1.0546326242396005,,SELL
2024-12-27,idle,23275.68,0.9999934434890747,,BUY,,1.0,
2024-12-30,holding,23190.2,,0.5104108452796936,,0.9963274971987929,,HOLD
2024-12-31,holding,23035.1,,0.6211243271827698,,0.9896638895190172,,HOLD
2025-01-02,holding,22832.06,,0.7990750074386597,,0.9809406212836747,,HOLD
2025-01-03,holding,22908.3,,0.7494840621948242,,0.9842161432018313,,HOLD
2025-01-06,holding,23547.71,,0.922244131565094,,1.0116873062355214,,HOLD
2025-01-07,holding,23651.27,,0.8762350082397461,,1.0161365854832167,,HOLD
2025-01-08,holding,23407.33,,0.786496639251709,,1.0056561183174886,,HOLD
2025-01-09,holding,23081.13,,0.8710235357284546,,0.9916414901734343,,HOLD
2025-01-10,holding,23011.86,,0.8561936020851135,,0.9886654224495267,,HOLD
2025-01-13,holding,22488.33,,0.958306610584259,,0.9661728465075994,,HOLD
2025-01-14,holding,22797.52,,0.8652238249778748,,0.9794566689351288,,HOLD
2025-01-15,holding,22514.57,,0.9392227530479431,,0.9673002034741842,,HOLD
2025-01-16,holding,23025.1,,0.8932417035102844,,0.9892342565287029,,HOLD
2025-01-17,holding,23148.08,,0.8907882571220398,,0.9945178830435889,,HOLD
2025-01-20,holding,23266.82,,0.6765936017036438,,0.9996193451705815,,HOLD
2025-01-21,holding,23300.01,,0.7882179021835327,,1.0010452970654347,,HOLD
2025-01-22,holding,23525.41,,0.8020429611206055,,1.0107292246671202,,HOLD
2025-02-03,holding,22694.71,,0.8988367319107056,,0.975039612161707,,HOLD
2025-02-04,holding,22793.96,,0.8983243703842163,,0.9793037195905769,,HOLD
2025-02-05,holding,23161.58,,0.8990191221237183,,0.9950978875805133,,HOLD
2025-02-06,holding,23316.6,,0.80987548828125,,1.0017580581963663,,HOLD
2025-02-07,holding,23478.27,,0.7992517948150635,,1.0087039347507785,,HOLD
2025-02-10,holding,23252.14,,0.7688554525375366,,0.9989886439408,,HOLD
2025-02-11,holding,23384.05,,0.6477416753768921,,1.0046559327160367,,HOLD
2025-02-12,holding,23289.75,,0.8534275889396667,,1.0006044936173724,,HOLD
2025-02-13,holding,23399.41,,0.7959367036819458,,1.0053158489891594,,HOLD
2025-02-14,holding,23152.61,,0.8099185228347778,,0.9947125067882012,,HOLD
2025-02-17,holding,23505.33,,0.6665512919425964,,1.0098665216225693,,HOLD
2025-02-18,holding,23666.11,,0.7303233742713928,,1.0167741608408434,,HOLD
2025-02-19,holding,23604.08,,0.7311734557151794,,1.0141091474019235,,HOLD
2025-02-20,holding,23487.46,,0.7730066180229187,,1.0090987674688774,,HOLD
2025-02-21,holding,23730.25,,0.7164024114608765,,1.0195298268407196,,HOLD
2025-02-24,holding,23565.31,,0.7683442831039429,,1.0124434602984747,,HOLD
2025-02-25,holding,23285.72,,0.8123827576637268,,1.0004313515222756,,HOLD
2025-02-26,holding,23402.55,,0.920304536819458,,1.005450753748118,,HOLD
2025-02-27,holding,23053.18,,0.9461585879325867,,0.9904406659655056,,HOLD
2025-03-03,holding,22756.25,,0.9486983418464661,,0.9776835735841015,,HOLD
2025-03-04,holding,22596.88,,0.9366149306297302,,0.9708365126174617,,HOLD
2025-03-05,holding,22871.9,,0.9039353728294373,,0.9826522791170871,,HOLD
2025-03-06,holding,22715.43,,0.9153488278388977,,0.9759298117176384,,HOLD
2025-03-07,holding,22576.07,,0.9150449633598328,,0.9699424463646175,,HOLD
2025-03-10,holding,22459.15,,0.9240125417709351,,0.9649191774418621,,HOLD
2025-03-11,holding,22071.09,,0.9430150389671326,,0.9482468396197232,,HOLD
2025-03-12,holding,22278.36,,0.9270185828208923,,0.9571518426099689,,HOLD
2025-03-13,holding,21961.68,,0.9521752595901489,,0.9435462250726939,,HOLD
2025-03-14,holding,21968.05,,0.9308341145515442,,0.9438199012875241,,HOLD
2025-03-17,holding,22118.63,,0.9196587800979614,,0.9502893148556777,,HOLD
2025-03-18,holding,22271.67,,0.8827425241470337,,0.9568644181394484,,HOLD
2025-03-19,holding,21960.83,,0.9218912124633789,,0.9435097062685173,,HOLD
2025-03-20,holding,22377.26,,0.8969428539276123,,0.9614009128841777,,HOLD
2025-03-21,holding,22209.1,,0.8616575002670288,,0.9541762045190516,,HOLD
2025-03-24,holding,22106.64,,0.8069196343421936,,0.9497741849002908,,HOLD
2025-03-25,holding,22273.19,,0.8934907913208008,,0.9569297223539762,,HOLD
2025-03-26,holding,22260.29,,0.8086119294166565,,0.9563754957964709,,HOLD
2025-03-27,holding,21951.76,,0.8828199505805969,,0.943120029146302,,HOLD
2025-03-28,holding,21602.89,,0.9370677471160889,,0.9281314230132052,,HOLD
2025-03-31,holding,20695.9,,0.9602921605110168,,0.8891641404246837,,HOLD
2025-04-01,idle,21280.17,0.9999934434890747,,FILTERED,,0.0,
2025-04-02,idle,21298.22,0.9999934434890747,,FILTERED,,0.0,
2025-04-07,idle,19232.35,0.9999934434890747,,FILTERED,,0.0,
2025-04-08,idle,18459.95,0.9999934434890747,,FILTERED,,0.0,
2025-04-09,idle,17391.76,0.9999933242797852,,FILTERED,,0.0,
2025-04-10,idle,19000.03,0.9999934434890747,,FILTERED,,0.0,
2025-04-11,idle,19528.77,0.9999934434890747,,FILTERED,,0.0,
2025-04-14,idle,19513.09,0.9999934434890747,,FILTERED,,0.0,
2025-04-15,idle,19857.67,0.9999934434890747,,FILTERED,,0.0,
2025-04-16,idle,19468.0,0.9999934434890747,,FILTERED,,0.0,
2025-04-17,idle,19338.73,0.9999934434890747,,FILTERED,,0.0,
2025-04-18,idle,19395.03,0.9999934434890747,,FILTERED,,0.0,
2025-04-21,idle,19106.2,0.9999934434890747,,FILTERED,,0.0,
2025-04-22,idle,18793.43,0.9999934434890747,,FILTERED,,0.0,
2025-04-23,idle,19639.14,0.9999934434890747,,FILTERED,,0.0,
2025-04-24,idle,19478.81,0.9999934434890747,,FILTERED,,0.0,
2025-04-25,idle,19872.73,0.9999934434890747,,FILTERED,,0.0,
2025-04-28,idle,20034.41,0.9999934434890747,,BUY,,1.0,
2025-04-29,holding,20232.63,,0.6582510471343994,,1.009893977411863,,HOLD
2025-04-30,holding,20235.03,,0.6575313806533813,,1.0100137713064672,,HOLD
2025-05-02,holding,20787.64,,0.636252760887146,,1.0375968146803425,,HOLD
2025-05-05,holding,20532.99,,0.8364465832710266,,1.0248861833215952,,HOLD
2025-05-06,holding,20522.59,,0.6964349746704102,,1.0243670764449764,,HOLD
2025-05-07,holding,20546.49,,0.7433971166610718,,1.0255600239787446,,HOLD
2025-05-08,holding,20543.4,,0.7535132169723511,,1.0254057893394415,,HOLD
2025-05-09,holding,20915.04,,0.6969614624977112,,1.0439558739189225,,HOLD
2025-05-12,holding,21129.54,,0.7521093487739563,,1.0546624532491848,,HOLD
2025-05-13,holding,21330.14,,0.8841382265090942,,1.0646752262731969,,HOLD
2025-05-14,holding,21782.87,,0.8729751110076904,,1.0872728470666218,,HOLD
2025-05-15,holding,21730.25,,0.7900058627128601,,1.084646365927422,,HOLD
2025-05-16,holding,21843.69,,0.5680971741676331,,1.0903086240123867,,HOLD
2025-05-19,holding,21523.83,,0.6380628347396851,,1.0743430927089943,,HOLD
2025-05-20,holding,21526.03,,0.5372723340988159,,1.074452903779048,,SELL
2025-05-21,idle,21803.91,0.9999934434890747,,BUY,,1.0,
2025-05-22,holding,21670.96,,0.7105940580368042,,0.9939024697863823,,HOLD
2025-05-23,holding,21652.24,,0.807073175907135,,0.9930439081797715,,HOLD
2025-05-26,holding,21536.57,,0.8366756439208984,,0.9877388963722562,,HOLD
2025-05-27,holding,21336.54,,0.9258790612220764,,0.9785648537349494,,HOLD
2025-05-28,holding,21357.72,,0.9450639486312866,,0.9795362391424292,,HOLD
2025-05-29,holding,21347.3,,0.9730514883995056,,0.9790583432054158,,HOLD
2025-06-02,holding,21002.71,,0.9367799758911133,,0.9632542970503913,,HOLD
2025-06-03,holding,21126.93,,0.9630899429321289,,0.9689514403609261,,HOLD
2025-06-04,holding,21618.09,,0.9605602025985718,,0.9914776753343781,,HOLD
2025-06-05,holding,21674.43,,0.8980109691619873,,0.9940616155542744,,HOLD
2025-06-06,holding,21660.66,,0.6837241649627686,,0.9934300774494116,,HOLD
2025-06-09,holding,21790.29,,0.6789623498916626,,0.9993753413951901,,HOLD
2025-06-10,holding,22242.14,,0.760241687297821,,1.0200986887214265,,HOLD
2025-06-11,holding,22470.1,,0.7399508953094482,,1.0305536942685967,,HOLD
2025-06-12,holding,22287.82,,0.7073250412940979,,1.022193725804225,,HOLD
2025-06-13,holding,22072.95,,0.7253630757331848,,1.0123390712950109,,HOLD
2025-06-16,holding,22049.9,,0.7136960625648499,,1.0112819214535376,,HOLD
2025-06-17,holding,22211.59,,0.8659521341323853,,1.0186975638773046,,HOLD
2025-06-18,holding,22356.73,,0.8479846715927124,,1.0253541681285605,,HOLD
2025-06-19,holding,22003.5,,0.8099337220191956,,1.0091538627704848,,HOLD
2025-06-20,holding,22045.74,,0.930964469909668,,1.0110911299854017,,HOLD
2025-06-23,holding,21732.02,,0.9248328804969788,,0.9967028849412789,,HOLD
2025-06-24,holding,22188.76,,0.9085164070129395,,1.017650503969242,,HOLD
2025-06-25,holding,22430.61,,0.8667169213294983,,1.0287425512213177,,HOLD
2025-06-26,holding,22492.34,,0.6794480681419373,,1.0315736948097842,,HOLD
2025-06-27,holding,22580.08,,0.7415798306465149,,1.035597743707436,,HOLD
2025-06-30,holding,22256.02,,0.6602936387062073,,1.020735271792995,,HOLD
2025-07-01,holding,22553.72,,0.7988479733467102,,1.0343887862314605,,HOLD
2025-07-02,holding,22577.74,,0.6737131476402283,,1.0354904235066096,,HOLD
2025-07-03,holding,22712.97,,0.7379043698310852,,1.0416925221210325,,HOLD
2025-07-04,holding,22547.5,,0.6804617047309875,,1.0341035162959304,,HOLD
2025-07-07,holding,22428.72,,0.6143890619277954,,1.0286558695206502,,HOLD
2025-07-08,holding,22362.27,,0.8208214640617371,,1.0256082509971836,,HOLD
2025-07-09,holding,22527.01,,0.8414391279220581,,1.0331637765886943,,HOLD
2025-07-10,holding,22693.25,,0.8824762105941772,,1.040788097180735,,HOLD
2025-07-11,holding,22751.03,,0.808999240398407,,1.0434380806011399,,HOLD
2025-07-14,holding,22614.97,,0.7621675133705139,,1.0371979154197573,,HOLD
2025-07-15,holding,22835.94,,0.7525554895401001,,1.0473323362644589,,HOLD
2025-07-16,holding,23042.9,,0.7611659169197083,,1.0568242118042133,,HOLD
2025-07-17,holding,23113.28,,0.663428008556366,,1.0600520732290677,,HOLD
2025-07-18,holding,23383.13,,0.7228382229804993,,1.0724282938243646,,HOLD
2025-07-21,holding,23340.56,,0.5626851320266724,,1.070475891709331,,HOLD
2025-07-22,holding,22987.92,,0.8674858212471008,,1.0543026457181304,,HOLD
2025-07-23,holding,23318.67,,0.8073768019676208,,1.0694719433349338,,HOLD
2025-07-24,holding,23373.73,,0.7318350672721863,,1.0719971784877116,,HOLD
2025-07-25,holding,23364.38,,0.7183578610420227,,1.0715683563177432,,HOLD
2025-07-28,holding,23412.98,,0.8189473748207092,,1.073797314334906,,HOLD
2025-07-29,holding,23201.52,,0.7739827036857605,,1.0640990537935628,,HOLD
2025-07-30,holding,23461.72,,0.8110717535018921,,1.0760326932187851,,HOLD
2025-07-31,holding,23542.52,,0.8564460277557373,,1.0797384505806527,,HOLD
2025-08-01,holding,23434.38,,0.7956213355064392,,1.0747787896757968,,HOLD
2025-08-04,holding,23378.94,,0.714939296245575,,1.0722361264562181,,HOLD
2025-08-05,holding,23660.59,,0.8135924339294434,,1.0851535343890155,,HOLD
2025-08-06,holding,23447.36,,0.7213337421417236,,1.0753740957470472,,HOLD
2025-08-07,holding,24003.77,,0.8284375667572021,,1.100892913243542,,HOLD
2025-08-08,holding,24021.26,,0.8420581817626953,,1.1016950629497186,,HOLD
2025-08-11,holding,24135.5,,0.7623374462127686,,1.1069344901900622,,HOLD
2025-08-12,holding,24158.36,,0.7621384263038635,,1.1079829259981353,,HOLD
2025-08-13,holding,24370.02,,0.7582988142967224,,1.1176903592062157,,HOLD
2025-08-14,holding,24238.1,,0.7570762038230896,,1.1116400682262952,,HOLD
2025-08-15,holding,24334.48,,0.6501942873001099,,1.1160603763269983,,HOLD
2025-08-18,holding,24482.52,,0.7268401980400085,,1.122849984245945,,HOLD
2025-08-19,holding,24353.5,,0.6443918943405151,,1.116932696933715,,HOLD
2025-08-20,holding,23625.44,,0.9334183931350708,,1.0835414382099358,,HOLD
2025-08-21,holding,23962.13,,0.8574144840240479,,1.098983164028837,,HOLD
2025-08-22,holding,23764.47,,0.7660799026489258,,1.0899178174923672,,HOLD
2025-08-25,holding,24277.38,,0.668684184551239,,1.1134415799735002,,HOLD
2025-08-26,holding,24305.1,,0.8377007246017456,,1.1147129115832894,,HOLD
2025-08-27,holding,24519.9,,0.6893828511238098,,1.1245643556591456,,HOLD
2025-08-28,holding,24236.45,,0.6108068227767944,,1.1115643937257125,,HOLD
2025-08-29,holding,24233.1,,0.6761248707771301,,1.1114107515578626,,HOLD
2025-09-01,holding,24071.73,,0.7772221565246582,,1.1040097854008752,,HOLD
2025-09-02,holding,24016.78,,0.8292049765586853,,1.1014895952148032,,HOLD
2025-09-03,holding,24100.3,,0.8348517417907715,,1.105320100844298,,HOLD
2025-09-04,holding,24179.85,,0.9083563089370728,,1.1089685290390576,,HOLD
2025-09-05,holding,24494.58,,0.7178519368171692,,1.123403096050204,,HOLD
2025-09-08,holding,24547.38,,0.744094967842102,,1.12582468006885,,HOLD
2025-09-09,holding,24855.18,,0.5439342856407166,,1.139941414177549,,HOLD
2025-09-10,holding,25192.59,,0.7194609045982361,,1.1554161615967045,,HOLD
2025-09-11,holding,25215.71,,0.7525821924209595,,1.1564765218715358,,HOLD
2025-09-12,holding,25474.64,,0.5946282148361206,,1.1683519148629764,,HOLD
2025-09-15,holding,25357.16,,0.5022461414337158,,1.1629638904214887,,HOLD
2025-09-16,holding,25629.64,,0.5188183784484863,,1.175460731584381,,SELL
2025-09-17,idle,25438.25,0.9999934434890747,,FILTERED,,0.0,
2025-09-18,idle,25769.36,0.9999934434890747,,BUY,,1.0,
2025-09-19,holding,25578.37,,0.8322965502738953,,0.992588484929389,,HOLD
2025-09-22,holding,25880.6,,0.520801842212677,,1.0043167544712013,,SELL
2025-09-23,idle,26247.37,0.9999934434890747,,BUY,,1.0,
2025-09-24,holding,26196.73,,0.5024675130844116,,0.9980706638417487,,SELL
2025-09-25,idle,26023.85,0.9999934434890747,,FILTERED,,0.0,
2025-09-26,idle,25580.32,0.9999934434890747,,FILTERED,,0.0,
2025-09-30,idle,25820.54,0.9999934434890747,,FILTERED,,0.0,
2025-10-01,idle,25982.91,0.9999934434890747,,FILTERED,,0.0,
2025-10-02,idle,26378.39,0.9999934434890747,,BUY,,1.0,
2025-10-03,holding,26761.06,,0.5327129364013672,,1.0145069505758313,,SELL
2025-10-07,idle,27211.95,0.9999934434890747,,BUY,,1.0,
2025-10-08,holding,27063.68,,0.767771303653717,,0.9945512908850707,,SELL
2025-10-09,idle,27301.92,0.9999934434890747,,BUY,,1.0,
2025-10-13,holding,26923.42,,0.5359705090522766,,0.9861365061504832,,HOLD
2025-10-14,holding,26793.15,,0.6190276741981506,,0.9813650468538477,,HOLD
2025-10-15,holding,27275.71,,0.5373905897140503,,0.9990399942568142,,HOLD
2025-10-16,holding,27647.87,,0.5728550553321838,,1.012671270005919,,HOLD
2025-10-17,holding,27302.37,,0.5746685266494751,,1.0000164823572848,,SELL
2025-10-20,idle,27688.63,0.9999934434890747,,BUY,,1.0,
2025-10-21,holding,27752.41,,0.5299192070960999,,1.0023034725806224,,SELL
2025-10-22,idle,27648.91,0.9999934434890747,,FILTERED,,0.0,
2025-10-23,idle,27532.26,0.9999934434890747,,FILTERED,,0.0,
2025-10-27,idle,27993.63,0.9999934434890747,,BUY,,1.0,
2025-10-28,holding,27949.11,,0.663742184638977,,0.9984096381926888,,SELL
2025-10-29,idle,28294.74,0.9999934434890747,,BUY,,1.0,
2025-10-30,holding,28287.53,,0.5076176524162292,,0.999745182320106,,HOLD
2025-10-31,holding,28233.35,,0.6268118023872375,,0.9978303387838162,,SELL
2025-11-03,idle,28334.59,0.9999934434890747,,FILTERED,,0.0,
2025-11-04,idle,28116.56,0.9999934434890747,,BUY,,1.0,
2025-11-05,holding,27717.06,,0.5399328470230103,,0.9857912916800633,,HOLD
2025-11-06,holding,27899.45,,0.6476917266845703,,0.992278216111786,,HOLD
2025-11-07,holding,27651.41,,0.7362003922462463,,0.9834563687734204,,HOLD
2025-11-10,holding,27869.51,,0.6504687666893005,,0.9912133632279339,,HOLD
2025-11-11,holding,27784.95,,0.8418071269989014,,0.9882058829387379,,HOLD
2025-11-12,holding,27947.09,,0.7210835814476013,,0.9939725912416028,,HOLD
2025-11-13,holding,27903.56,,0.8157002329826355,,0.9924243933112727,,HOLD
2025-11-14,holding,27397.5,,0.8365167379379272,,0.9744257476732573,,HOLD
2025-11-17,holding,27447.31,,0.8767837285995483,,0.9761973015191048,,HOLD
2025-11-18,holding,26756.12,,0.9490964412689209,,0.9516142799830419,,HOLD
2025-11-19,holding,26580.12,,0.904160737991333,,0.945354623751981,,HOLD
2025-11-20,holding,27426.36,,0.8717181086540222,,0.975452189030237,,HOLD
2025-11-21,holding,26434.94,,0.9024491906166077,,0.9401911186859273,,HOLD
2025-11-24,holding,26504.24,,0.9176083207130432,,0.9426558583269077,,HOLD
2025-11-25,holding,26912.17,,0.8110519647598267,,0.9571643899538207,,HOLD
2025-11-26,holding,27409.54,,0.799788773059845,,0.9748539650654277,,HOLD
2025-11-27,holding,27554.53,,0.7917273640632629,,0.9800107125480498,,HOLD
2025-11-28,holding,27626.48,,0.5984004735946655,,0.9825697026947819,,SELL
2025-12-01,idle,27342.53,0.9999934434890747,,FILTERED,,0.0,
2025-12-02,idle,27564.27,0.9999934434890747,,FILTERED,,0.0,
2025-12-03,idle,27793.04,0.9999934434890747,,BUY,,1.0,
2025-12-04,holding,27795.71,,0.6437558531761169,,1.0000960672168284,,SELL
2025-12-05,idle,27980.89,0.9999934434890747,,BUY,,1.0,
2025-12-08,holding,28303.78,,0.6609711050987244,,1.0115396615332821,,SELL
2025-12-09,idle,28182.6,0.9999934434890747,,BUY,,1.0,
2025-12-10,holding,28400.73,,0.5234310030937195,,1.007739882054885,,SELL
2025-12-11,idle,28024.75,0.9999934434890747,,BUY,,1.0,
2025-12-12,holding,28198.02,,0.5533534288406372,,1.0061827491770667,,SELL
2025-12-15,idle,27866.94,0.9999934434890747,,FILTERED,,0.0,
2025-12-16,idle,27536.66,0.9999934434890747,,FILTERED,,0.0,
2025-12-17,idle,27525.17,0.9999934434890747,,FILTERED,,0.0,
2025-12-18,idle,27468.53,0.9999934434890747,,FILTERED,,0.0,
2025-12-19,idle,27696.35,0.9999934434890747,,FILTERED,,0.0,
2025-12-22,idle,28149.64,0.9999934434890747,,FILTERED,,0.0,
2025-12-23,idle,28310.47,0.9999934434890747,,FILTERED,,0.0,
2025-12-24,idle,28371.98,0.9999934434890747,,FILTERED,,0.0,
2025-12-26,idle,28556.02,0.9999934434890747,,BUY,,1.0,
