date,ai_action,price,ai_buy_conf,ai_sell_conf,ai_position_count,dca_position_count,total_position_count,note
2023-01-03,HOLD,14224.12,0.9999934434890747,,0,1,1,"DCA+1倉, 現1倉(DCA1+AI0)"
2023-01-04,HOLD,14199.13,0.9999934434890747,,0,1,1,現1倉(DCA1+AI0)
2023-01-05,HOLD,14301.05,0.9999934434890747,,0,1,1,現1倉(DCA1+AI0)
2023-01-06,HOLD,14373.34,0.9999934434890747,,0,1,1,現1倉(DCA1+AI0)
2023-01-09,BUY,14752.21,0.9999934434890747,,1,1,2,"AI+1倉, 現2倉(DCA1+AI1)"
2023-01-10,BUY,14802.96,0.9999934434890747,0.90996253490448,2,1,3,"AI+1倉, 現3倉(DCA1+AI2)"
2023-01-11,BUY,14751.44,0.9999934434890747,0.8876086473464966,3,1,4,"AI+1倉, 現4倉(DCA1+AI3)"
2023-01-12,HOLD,14731.64,0.9999934434890747,0.8739098906517029,3,1,4,現4倉(DCA1+AI3)
2023-01-13,BUY,14824.13,0.9999934434890747,0.9243956804275513,4,1,5,"AI+1倉, 現5倉(DCA1+AI4)"
2023-01-16,HOLD,14927.01,0.9999934434890747,0.8932206034660339,4,1,5,現5倉(DCA1+AI4)
2023-01-17,HOLD,14932.93,0.9999934434890747,0.8902992606163025,4,1,5,現5倉(DCA1+AI4)
2023-01-30,BUY,15493.82,0.9999934434890747,0.9742194414138794,5,1,6,"AI+1倉, 現6倉(DCA1+AI5)"
2023-01-31,HOLD,15265.2,0.9999934434890747,0.9625544548034668,5,1,6,現6倉(DCA1+AI5)
2023-02-01,HOLD,15420.13,0.9999934434890747,0.9451726078987122,5,2,7,"DCA+1倉, 現7倉(DCA2+AI5)"
2023-02-02,BUY,15595.16,0.9999934434890747,0.9525325298309326,6,2,8,"AI+1倉, 現8倉(DCA2+AI6)"
2023-02-03,BUY,15602.66,0.9999934434890747,0.9259079098701477,7,2,9,"AI+1倉, 現9倉(DCA2+AI7)"
2023-02-06,HOLD,15392.82,0.9999934434890747,0.9181718230247498,7,2,9,現9倉(DCA2+AI7)
2023-02-07,HOLD,15400.91,0.9999934434890747,0.9106221199035645,7,2,9,現9倉(DCA2+AI7)
2023-02-08,BUY,15618.17,0.9999934434890747,0.9370236992835999,8,2,10,"AI+1倉, 現10倉(DCA2+AI8)"
2023-02-09,HOLD,15598.71,0.9999934434890747,0.9241618514060974,8,2,10,現10倉(DCA2+AI8)
2023-02-10,HOLD,15586.65,0.9999934434890747,0.9002180695533752,8,2,10,現10倉(DCA2+AI8)
2023-02-13,HOLD,15544.28,0.9999934434890747,0.8787710666656494,8,2,10,現10倉(DCA2+AI8)
2023-02-14,BUY,15654.48,0.9999934434890747,0.8719857335090637,9,2,11,"AI+1倉, 現11倉(DCA2+AI9)"
2023-02-15,HOLD,15432.89,0.9999934434890747,0.9486075043678284,9,2,11,現11倉(DCA2+AI9)
2023-02-16,HOLD,15550.5,0.9999934434890747,0.9558433890342712,9,2,11,現11倉(DCA2+AI9)
2023-02-17,HOLD,15479.7,0.9999934434890747,0.9585607647895813,9,2,11,現11倉(DCA2+AI9)
2023-02-20,HOLD,15551.23,0.9999934434890747,0.9545615911483765,9,2,11,現11倉(DCA2+AI9)
2023-02-21,HOLD,15563.0,0.9999934434890747,0.9596829414367676,9,2,11,現11倉(DCA2+AI9)
2023-02-22,HOLD,15418.77,0.9999934434890747,0.9668866395950317,9,2,11,現11倉(DCA2+AI9)
2023-02-23,HOLD,15615.41,0.9999934434890747,0.9637781977653503,9,2,11,現11倉(DCA2+AI9)
2023-02-24,BUY,15503.79,0.9999934434890747,0.9697080850601196,10,2,12,"AI+1倉, 現12倉(DCA2+AI10)"
2023-03-01,HOLD,15598.49,0.9999934434890747,0.9610414505004883,10,3,13,"DCA+1倉, 現13倉(DCA3+AI10)"
2023-03-02,HOLD,15598.72,0.9999934434890747,0.9439547657966614,10,3,13,現13倉(DCA3+AI10)
2023-03-03,HOLD,15608.42,0.9999934434890747,0.9423878788948059,10,3,13,現13倉(DCA3+AI10)
2023-03-06,BUY,15763.51,0.9999934434890747,0.9434501528739929,11,3,14,"AI+1倉, 現14倉(DCA3+AI11)"
2023-03-07,BUY,15857.89,0.9999934434890747,0.9267016649246216,12,3,15,"AI+1倉, 現15倉(DCA3+AI12)"
2023-03-08,HOLD,15818.2,0.9999934434890747,0.9287064671516418,12,3,15,現15倉(DCA3+AI12)
2023-03-09,HOLD,15770.66,0.9999934434890747,0.9257281422615051,12,3,15,現15倉(DCA3+AI12)
2023-03-10,HOLD,15526.2,0.9999934434890747,0.9597340226173401,12,3,15,現15倉(DCA3+AI12)
2023-03-13,HOLD,15560.49,0.9999934434890747,0.9577852487564087,12,3,15,現15倉(DCA3+AI12)
2023-03-14,HOLD,15360.42,0.9999934434890747,0.968715250492096,12,3,15,現15倉(DCA3+AI12)
2023-03-15,HOLD,15387.59,0.9999934434890747,0.9735777974128723,12,3,15,現15倉(DCA3+AI12)
2023-03-16,HOLD,15221.12,0.9999934434890747,0.976884663105011,12,3,15,現15倉(DCA3+AI12)
2023-03-17,HOLD,15452.96,0.9999934434890747,0.977618396282196,12,3,15,現15倉(DCA3+AI12)
2023-03-20,HOLD,15419.97,0.9999934434890747,0.9661769270896912,12,3,15,現15倉(DCA3+AI12)
2023-03-21,HOLD,15513.45,0.9999934434890747,0.9664685726165771,12,3,15,現15倉(DCA3+AI12)
2023-03-22,HOLD,15760.46,0.9999934434890747,0.9621387720108032,12,3,15,現15倉(DCA3+AI12)
2023-03-23,BUY,15863.95,0.9999934434890747,0.938962459564209,13,3,16,"AI+1倉, 現16倉(DCA3+AI13)"
2023-03-24,BUY,15914.7,0.9999934434890747,0.9157475233078003,14,3,17,"AI+1倉, 現17倉(DCA3+AI14)"
2023-03-27,HOLD,15830.31,0.9999934434890747,0.8555013537406921,14,3,17,現17倉(DCA3+AI14)
2023-03-28,HOLD,15701.48,0.9999934434890747,0.8937313556671143,14,3,17,現17倉(DCA3+AI14)
2023-03-29,HOLD,15769.76,0.9999934434890747,0.8946961760520935,14,3,17,現17倉(DCA3+AI14)
2023-03-30,HOLD,15849.43,0.9999934434890747,0.9015612006187439,14,3,17,現17倉(DCA3+AI14)
2023-03-31,BUY,15868.06,0.9999934434890747,0.9033336043357849,15,3,18,"AI+1倉, 現18倉(DCA3+AI15)"
2023-04-06,HOLD,15810.77,0.9999934434890747,0.9082213044166565,15,4,19,"DCA+1倉, 現19倉(DCA4+AI15)"
2023-04-07,HOLD,15836.5,0.9999934434890747,0.906348705291748,15,4,19,現19倉(DCA4+AI15)
2023-04-10,HOLD,15876.17,0.9999934434890747,0.9260021448135376,15,4,19,現19倉(DCA4+AI15)
2023-04-11,HOLD,15913.88,0.9999934434890747,0.9415237903594971,15,4,19,現19倉(DCA4+AI15)
2023-04-12,HOLD,15932.97,0.9999934434890747,0.9323959946632385,15,4,19,現19倉(DCA4+AI15)
2023-04-13,HOLD,15804.76,0.9999934434890747,0.9511459469795227,15,4,19,現19倉(DCA4+AI15)
2023-04-14,BUY,15929.43,0.9999934434890747,0.9519305229187012,16,4,20,"AI+1倉, 現20倉(DCA4+AI16)"
2023-04-17,HOLD,15963.55,0.9999934434890747,0.9453242421150208,16,4,20,現20倉(DCA4+AI16)
2023-04-18,HOLD,15869.44,0.9999934434890747,0.9440022706985474,16,4,20,現20倉(DCA4+AI16)
2023-04-19,HOLD,15770.47,0.9999934434890747,0.9627191424369812,16,4,20,現20倉(DCA4+AI16)
2023-04-20,HOLD,15707.52,0.9999934434890747,0.968751847743988,16,4,20,現20倉(DCA4+AI16)
2023-04-21,HOLD,15602.99,0.9999934434890747,0.978126585483551,16,4,20,現20倉(DCA4+AI16)
2023-04-24,HOLD,15626.87,0.9999934434890747,0.9692062735557556,16,4,20,現20倉(DCA4+AI16)
2023-04-25,HOLD,15370.73,0.9999934434890747,0.9810583591461182,16,4,20,現20倉(DCA4+AI16)
2023-04-26,HOLD,15374.63,0.9999934434890747,0.9756367802619934,16,4,20,現20倉(DCA4+AI16)
2023-04-27,HOLD,15411.49,0.9999934434890747,0.973854660987854,16,4,20,現20倉(DCA4+AI16)
2023-04-28,HOLD,15579.18,0.9999934434890747,0.9733747839927673,16,4,20,現20倉(DCA4+AI16)
2023-05-02,HOLD,15636.48,,0.9692063331604004,16,4,20,現20倉(DCA4+AI16)
2023-05-03,HOLD,15553.41,,0.9561142325401306,16,4,20,現20倉(DCA4+AI16)
2023-05-04,HOLD,15609.03,,0.9508339762687683,16,4,20,現20倉(DCA4+AI16)
2023-05-05,HOLD,15626.07,,0.9314894080162048,16,4,20,現20倉(DCA4+AI16)
2023-05-08,HOLD,15699.57,,0.928037703037262,16,4,20,現20倉(DCA4+AI16)
2023-05-09,HOLD,15727.7,,0.9024447798728943,16,4,20,現20倉(DCA4+AI16)
2023-05-10,HOLD,15641.76,,0.8927972912788391,16,4,20,現20倉(DCA4+AI16)
2023-05-11,HOLD,15514.64,,0.9360091090202332,16,4,20,現20倉(DCA4+AI16)
2023-05-12,HOLD,15502.36,,0.9616686701774597,16,4,20,現20倉(DCA4+AI16)
2023-05-15,HOLD,15475.05,,0.9668456315994263,16,4,20,現20倉(DCA4+AI16)
2023-05-16,HOLD,15673.9,,0.9691958427429199,16,4,20,現20倉(DCA4+AI16)
2023-05-17,HOLD,15925.29,,0.9683472514152527,16,4,20,現20倉(DCA4+AI16)
2023-05-18,HOLD,16101.88,,0.9577637314796448,16,4,20,現20倉(DCA4+AI16)
2023-05-19,HOLD,16174.92,,0.9508530497550964,16,4,20,現20倉(DCA4+AI16)
2023-05-22,HOLD,16180.89,,0.9031457901000977,16,4,20,現20倉(DCA4+AI16)
2023-05-23,HOLD,16188.03,,0.9036262035369873,16,4,20,現20倉(DCA4+AI16)
2023-05-24,HOLD,16159.32,,0.8947567939758301,16,4,20,現20倉(DCA4+AI16)
2023-05-25,HOLD,16292.0,,0.9498047232627869,16,4,20,現20倉(DCA4+AI16)
2023-05-26,HOLD,16505.05,,0.9575858116149902,16,4,20,現20倉(DCA4+AI16)
2023-05-29,HOLD,16636.3,,0.9354634881019592,16,4,20,現20倉(DCA4+AI16)
2023-05-30,HOLD,16622.74,,0.9131250977516174,16,4,20,現20倉(DCA4+AI16)
2023-05-31,HOLD,16578.96,,0.9553231000900269,16,4,20,現20倉(DCA4+AI16)
2023-06-01,HOLD,16512.65,,0.9063355922698975,16,4,20,現20倉(DCA4+AI16)
2023-06-02,HOLD,16706.91,,0.9433258175849915,16,4,20,現20倉(DCA4+AI16)
2023-06-05,HOLD,16714.43,,0.9160810112953186,16,4,20,現20倉(DCA4+AI16)
2023-06-06,HOLD,16761.66,,0.8836435079574585,16,4,20,現20倉(DCA4+AI16)
2023-06-07,HOLD,16922.48,,0.8733696341514587,16,4,20,現20倉(DCA4+AI16)
2023-06-08,HOLD,16733.69,,0.9017375111579895,16,4,20,現20倉(DCA4+AI16)
2023-06-09,HOLD,16886.4,,0.8786449432373047,16,4,20,現20倉(DCA4+AI16)
2023-06-12,HOLD,16955.37,,0.9023976922035217,16,4,20,現20倉(DCA4+AI16)
2023-06-13,HOLD,17216.6,,0.9150142073631287,16,4,20,現20倉(DCA4+AI16)
2023-06-14,HOLD,17238.14,,0.8680895566940308,16,4,20,現20倉(DCA4+AI16)
2023-06-15,HOLD,17334.98,,0.9026039838790894,16,4,20,現20倉(DCA4+AI16)
2023-06-16,HOLD,17288.91,,0.9317817091941833,16,4,20,現20倉(DCA4+AI16)
2023-06-19,HOLD,17274.56,,0.8469393253326416,16,4,20,現20倉(DCA4+AI16)
2023-06-20,HOLD,17184.91,,0.8717037439346313,16,4,20,現20倉(DCA4+AI16)
2023-06-21,HOLD,17202.4,,0.8704324960708618,16,4,20,現20倉(DCA4+AI16)
2023-06-26,HOLD,17059.24,,0.9086626172065735,16,4,20,現20倉(DCA4+AI16)
2023-06-27,HOLD,16887.9,,0.9464718103408813,16,4,20,現20倉(DCA4+AI16)
2023-06-28,HOLD,16935.63,,0.9571503400802612,16,4,20,現20倉(DCA4+AI16)
2023-06-29,HOLD,16942.3,,0.9661613702774048,16,4,20,現20倉(DCA4+AI16)
2023-06-30,HOLD,16915.54,,0.9710227251052856,16,4,20,現20倉(DCA4+AI16)
2023-07-03,HOLD,17084.2,0.9999934434890747,0.9694012403488159,16,5,21,"DCA+1倉, 現21倉(DCA5+AI16)"
2023-07-04,HOLD,17140.77,0.9999934434890747,0.9619872570037842,16,5,21,現21倉(DCA5+AI16)
2023-07-05,HOLD,17056.43,0.9999934434890747,0.9424243569374084,16,5,21,現21倉(DCA5+AI16)
2023-07-06,HOLD,16762.17,0.9999934434890747,0.9587159156799316,16,5,21,現21倉(DCA5+AI16)
2023-07-07,HOLD,16664.21,0.9999934434890747,0.9590849876403809,16,5,21,現21倉(DCA5+AI16)
2023-07-10,HOLD,16652.8,0.9999934434890747,0.9651407599449158,16,5,21,現21倉(DCA5+AI16)
2023-07-11,HOLD,16898.91,0.9999934434890747,0.9682424664497375,16,5,21,現21倉(DCA5+AI16)
2023-07-12,HOLD,16962.03,0.9999934434890747,0.9642226696014404,16,5,21,現21倉(DCA5+AI16)
2023-07-13,BUY,17061.4,0.9999934434890747,0.9684850573539734,17,5,22,"AI+1倉, 現22倉(DCA5+AI17)"
2023-07-14,BUY,17283.71,0.9999934434890747,0.951693594455719,18,5,23,"AI+1倉, 現23倉(DCA5+AI18)"
2023-07-17,BUY,17334.29,0.9999934434890747,0.9227317571640015,19,5,24,"AI+1倉, 現24倉(DCA5+AI19)"
2023-07-18,BUY,17227.91,0.9999934434890747,0.9425297379493713,20,5,25,"AI+1倉, 現25倉(DCA5+AI20)"
2023-07-19,HOLD,17116.44,0.9999934434890747,0.9380003213882446,20,5,25,現25倉(DCA5+AI20)
2023-07-20,HOLD,17164.89,0.9999934434890747,0.9017353057861328,20,5,25,現25倉(DCA5+AI20)
2023-07-21,HOLD,17030.7,0.9999934434890747,0.9566792845726013,20,5,25,現25倉(DCA5+AI20)
2023-07-24,HOLD,17033.61,0.9999934434890747,0.9511608481407166,20,5,25,現25倉(DCA5+AI20)
2023-07-25,HOLD,17198.89,0.9999934434890747,0.9630822539329529,20,5,25,現25倉(DCA5+AI20)
2023-07-26,HOLD,17162.55,0.9999934434890747,0.9539883136749268,20,5,25,現25倉(DCA5+AI20)
2023-07-27,HOLD,17241.82,0.9999934434890747,0.9448097944259644,20,5,25,現25倉(DCA5+AI20)
2023-07-28,HOLD,17292.93,0.9999934434890747,0.9398320317268372,20,5,25,現25倉(DCA5+AI20)
2023-07-31,BUY,17145.43,0.9999934434890747,0.9626641273498535,21,5,26,"AI+1倉, 現26倉(DCA5+AI21)"
2023-08-01,HOLD,17212.87,,0.9355470538139343,21,5,26,現26倉(DCA5+AI21)
2023-08-02,HOLD,16893.73,,0.9677436351776123,21,5,26,現26倉(DCA5+AI21)
2023-08-04,HOLD,16843.68,,0.9603589773178101,21,5,26,現26倉(DCA5+AI21)
2023-08-07,HOLD,16996.0,,0.9613560438156128,21,5,26,現26倉(DCA5+AI21)
2023-08-08,HOLD,16877.07,,0.9675592184066772,21,5,26,現26倉(DCA5+AI21)
2023-08-09,HOLD,16870.94,,0.9613064527511597,21,5,26,現26倉(DCA5+AI21)
2023-08-10,HOLD,16634.7,,0.9695019721984863,21,5,26,現26倉(DCA5+AI21)
2023-08-11,HOLD,16601.25,,0.9667127132415771,21,5,26,現26倉(DCA5+AI21)
2023-08-14,HOLD,16393.66,,0.9736936092376709,21,5,26,現26倉(DCA5+AI21)
2023-08-15,HOLD,16454.8,,0.9705617427825928,21,5,26,現26倉(DCA5+AI21)
2023-08-16,HOLD,16446.78,,0.9687733054161072,21,5,26,現26倉(DCA5+AI21)
2023-08-17,HOLD,16516.66,,0.9749714732170105,21,5,26,現26倉(DCA5+AI21)
2023-08-18,HOLD,16381.31,,0.972970724105835,21,5,26,現26倉(DCA5+AI21)
2023-08-21,HOLD,16381.49,,0.9568778276443481,21,5,26,現26倉(DCA5+AI21)
2023-08-22,HOLD,16437.61,,0.9652469754219055,21,5,26,現26倉(DCA5+AI21)
2023-08-23,HOLD,16576.9,,0.9583555459976196,21,5,26,現26倉(DCA5+AI21)
2023-08-24,HOLD,16770.87,,0.9687252044677734,21,5,26,現26倉(DCA5+AI21)
2023-08-25,HOLD,16481.58,,0.9463517665863037,21,5,26,現26倉(DCA5+AI21)
2023-08-28,HOLD,16509.26,,0.926520049571991,21,5,26,現26倉(DCA5+AI21)
2023-08-29,HOLD,16623.65,,0.9292687773704529,21,5,26,現26倉(DCA5+AI21)
2023-08-30,HOLD,16719.82,,0.935896098613739,21,5,26,現26倉(DCA5+AI21)
2023-08-31,HOLD,16634.51,,0.9543935656547546,21,5,26,現26倉(DCA5+AI21)
2023-09-01,HOLD,16644.94,,0.9336722493171692,21,5,26,現26倉(DCA5+AI21)
2023-09-04,HOLD,16789.69,,0.8917757272720337,21,5,26,現26倉(DCA5+AI21)
2023-09-05,HOLD,16791.61,,0.8986464142799377,21,5,26,現26倉(DCA5+AI21)
2023-09-06,HOLD,16738.16,,0.9033359289169312,21,5,26,現26倉(DCA5+AI21)
2023-09-07,HOLD,16619.14,,0.8985716104507446,21,5,26,現26倉(DCA5+AI21)
2023-09-08,HOLD,16576.02,,0.9320364594459534,21,5,26,現26倉(DCA5+AI21)
2023-09-11,HOLD,16432.95,,0.9677062630653381,21,5,26,現26倉(DCA5+AI21)
2023-09-12,HOLD,16572.71,,0.9642234444618225,21,5,26,現26倉(DCA5+AI21)
2023-09-13,HOLD,16581.51,,0.9655133485794067,21,5,26,現26倉(DCA5+AI21)
2023-09-14,HOLD,16807.56,,0.9562456011772156,21,5,26,現26倉(DCA5+AI21)
2023-09-15,HOLD,16920.92,,0.9662157893180847,21,5,26,現26倉(DCA5+AI21)
2023-09-18,HOLD,16698.24,,0.9260269999504089,21,5,26,現26倉(DCA5+AI21)
2023-09-19,HOLD,16636.32,,0.9288091063499451,21,5,26,現26倉(DCA5+AI21)
2023-09-20,HOLD,16534.75,,0.9539406895637512,21,5,26,現26倉(DCA5+AI21)
2023-09-21,HOLD,16316.67,,0.96975177526474,21,5,26,現26倉(DCA5+AI21)
2023-09-22,HOLD,16344.48,,0.9701237678527832,21,5,26,現26倉(DCA5+AI21)
2023-09-25,HOLD,16452.23,,0.9646230340003967,21,5,26,現26倉(DCA5+AI21)
2023-09-26,HOLD,16276.07,,0.9709814786911011,21,5,26,現26倉(DCA5+AI21)
2023-09-27,HOLD,16310.36,,0.9668228030204773,21,5,26,現26倉(DCA5+AI21)
2023-09-28,HOLD,16353.74,,0.9746169447898865,21,5,26,現26倉(DCA5+AI21)
2023-10-02,HOLD,16557.31,,0.9739243388175964,21,5,26,現26倉(DCA5+AI21)
2023-10-03,HOLD,16454.34,,0.9645869731903076,21,5,26,現26倉(DCA5+AI21)
2023-10-04,HOLD,16273.38,,0.9598610997200012,21,5,26,現26倉(DCA5+AI21)
2023-10-05,HOLD,16453.52,,0.958266019821167,21,5,26,現26倉(DCA5+AI21)
2023-10-06,HOLD,16520.57,,0.9404472708702087,21,5,26,現26倉(DCA5+AI21)
2023-10-11,HOLD,16672.03,,0.9658645391464233,21,5,26,現26倉(DCA5+AI21)
2023-10-12,HOLD,16825.91,,0.9255279898643494,21,5,26,現26倉(DCA5+AI21)
2023-10-13,HOLD,16782.57,,0.9186726212501526,21,5,26,現26倉(DCA5+AI21)
2023-10-16,HOLD,16652.24,,0.8849987983703613,21,5,26,現26倉(DCA5+AI21)
2023-10-17,HOLD,16642.55,,0.920220136642456,21,5,26,現26倉(DCA5+AI21)
2023-10-18,HOLD,16440.91,,0.9664096832275391,21,5,26,現26倉(DCA5+AI21)
2023-10-19,HOLD,16452.73,,0.9572016596794128,21,5,26,現26倉(DCA5+AI21)
2023-10-20,HOLD,16440.72,,0.9702926874160767,21,5,26,現26倉(DCA5+AI21)
2023-10-23,HOLD,16251.36,,0.9671698212623596,21,5,26,現26倉(DCA5+AI21)
2023-10-24,HOLD,16309.76,,0.9708018898963928,21,5,26,現26倉(DCA5+AI21)
2023-10-25,HOLD,16358.89,,0.973223090171814,21,5,26,現26倉(DCA5+AI21)
2023-10-26,HOLD,16073.74,,0.9753818511962891,21,5,26,現26倉(DCA5+AI21)
2023-10-27,HOLD,16134.61,,0.9693088531494141,21,5,26,現26倉(DCA5+AI21)
2023-10-30,HOLD,16149.68,,0.972615659236908,21,5,26,現26倉(DCA5+AI21)
2023-10-31,HOLD,16001.27,,0.9785236120223999,21,5,26,現26倉(DCA5+AI21)
2023-11-01,HOLD,16038.56,,0.9721802473068237,21,5,26,現26倉(DCA5+AI21)
2023-11-02,HOLD,16396.95,,0.9734083414077759,21,5,26,現26倉(DCA5+AI21)
2023-11-03,HOLD,16507.65,,0.9574506282806396,21,5,26,現26倉(DCA5+AI21)
2023-11-06,HOLD,16649.36,,0.9299286007881165,21,5,26,現26倉(DCA5+AI21)
2023-11-07,HOLD,16684.95,,0.8662687540054321,21,5,26,現26倉(DCA5+AI21)
2023-11-08,HOLD,16740.83,,0.9134965538978577,21,5,26,現26倉(DCA5+AI21)
2023-11-09,HOLD,16745.65,,0.887602686882019,21,5,26,現26倉(DCA5+AI21)
2023-11-10,HOLD,16682.67,,0.8767979145050049,21,5,26,現26倉(DCA5+AI21)
2023-11-13,HOLD,16839.29,,0.9287365078926086,21,5,26,現26倉(DCA5+AI21)
2023-11-14,HOLD,16915.71,,0.9247526526451111,21,5,26,現26倉(DCA5+AI21)
2023-11-15,HOLD,17128.78,,0.9582368731498718,21,5,26,現26倉(DCA5+AI21)
2023-11-16,HOLD,17171.18,,0.9121299982070923,21,5,26,現26倉(DCA5+AI21)
2023-11-17,HOLD,17208.95,,0.9156423807144165,21,5,26,現26倉(DCA5+AI21)
2023-11-20,HOLD,17210.47,,0.9144659042358398,21,5,26,現26倉(DCA5+AI21)
2023-11-21,HOLD,17416.7,,0.9369561672210693,21,5,26,現26倉(DCA5+AI21)
2023-11-22,HOLD,17310.26,,0.905329167842865,21,5,26,現26倉(DCA5+AI21)
2023-11-23,HOLD,17294.55,,0.9037714004516602,21,5,26,現26倉(DCA5+AI21)
2023-11-24,HOLD,17287.42,,0.895538330078125,21,5,26,現26倉(DCA5+AI21)
2023-11-27,HOLD,17137.42,,0.9457883238792419,21,5,26,現26倉(DCA5+AI21)
2023-11-28,HOLD,17341.25,,0.9533213376998901,21,5,26,現26倉(DCA5+AI21)
2023-11-29,HOLD,17370.56,,0.9587098956108093,21,5,26,現26倉(DCA5+AI21)
2023-11-30,HOLD,17433.85,,0.953193187713623,21,5,26,現26倉(DCA5+AI21)
2023-12-01,HOLD,17438.35,,0.8995603322982788,21,5,26,現26倉(DCA5+AI21)
2023-12-04,HOLD,17421.48,,0.9196861386299133,21,5,26,現26倉(DCA5+AI21)
2023-12-05,HOLD,17328.01,,0.9276692867279053,21,5,26,現26倉(DCA5+AI21)
2023-12-06,HOLD,17360.72,,0.9368468523025513,21,5,26,現26倉(DCA5+AI21)
2023-12-07,HOLD,17278.74,,0.952032208442688,21,5,26,現26倉(DCA5+AI21)
2023-12-08,HOLD,17383.99,,0.9548760652542114,21,5,26,現26倉(DCA5+AI21)
2023-12-11,HOLD,17418.34,,0.9508571028709412,21,5,26,現26倉(DCA5+AI21)
2023-12-12,HOLD,17450.63,,0.9515625238418579,21,5,26,現26倉(DCA5+AI21)
2023-12-13,HOLD,17468.93,,0.9397839903831482,21,5,26,現26倉(DCA5+AI21)
2023-12-14,HOLD,17653.11,,0.9530885815620422,21,5,26,現26倉(DCA5+AI21)
2023-12-15,HOLD,17673.87,,0.9571281671524048,21,5,26,現26倉(DCA5+AI21)
2023-12-18,HOLD,17652.03,,0.9163012504577637,21,5,26,現26倉(DCA5+AI21)
2023-12-19,HOLD,17576.55,,0.924761950969696,21,5,26,現26倉(DCA5+AI21)
2023-12-20,HOLD,17635.2,,0.9265096187591553,21,5,26,現26倉(DCA5+AI21)
2023-12-21,HOLD,17543.74,,0.9453649520874023,21,5,26,現26倉(DCA5+AI21)
2023-12-22,HOLD,17596.63,,0.9347853064537048,21,5,26,現26倉(DCA5+AI21)
2023-12-25,HOLD,17604.84,,0.9203781485557556,21,5,26,現26倉(DCA5+AI21)
2023-12-26,HOLD,17751.73,,0.908216655254364,21,5,26,現26倉(DCA5+AI21)
2023-12-27,HOLD,17891.5,,0.9079716205596924,21,5,26,現26倉(DCA5+AI21)
2023-12-28,HOLD,17910.37,,0.8625983595848083,21,5,26,現26倉(DCA5+AI21)
2023-12-29,HOLD,17930.81,,0.8556790947914124,21,5,26,現26倉(DCA5+AI21)
2024-01-02,BUY,17853.76,0.9999934434890747,0.8747949004173279,22,6,28,"DCA+1倉, AI+1倉, 現28倉(DCA6+AI22)"
2024-01-03,HOLD,17559.31,0.9999934434890747,0.9387075304985046,22,6,28,現28倉(DCA6+AI22)
2024-01-04,HOLD,17549.65,0.9999934434890747,0.9521272778511047,22,6,28,現28倉(DCA6+AI22)
2024-01-05,HOLD,17519.14,0.9999934434890747,0.9646097421646118,22,6,28,現28倉(DCA6+AI22)
2024-01-08,HOLD,17572.66,0.9999934434890747,0.967303991317749,22,6,28,現28倉(DCA6+AI22)
2024-01-09,HOLD,17535.49,0.9999934434890747,0.9755228757858276,22,6,28,現28倉(DCA6+AI22)
2024-01-10,HOLD,17465.63,0.9999934434890747,0.97016441822052,22,6,28,現28倉(DCA6+AI22)
2024-01-11,HOLD,17545.32,0.9999934434890747,0.9756989479064941,22,6,28,現28倉(DCA6+AI22)
2024-01-12,HOLD,17512.83,0.9999934434890747,0.9747635126113892,22,6,28,現28倉(DCA6+AI22)
2024-01-15,HOLD,17546.82,0.9999934434890747,0.9736077189445496,22,6,28,現28倉(DCA6+AI22)
2024-01-16,HOLD,17346.87,0.9999934434890747,0.9770759344100952,22,6,28,現28倉(DCA6+AI22)
2024-01-17,HOLD,17161.79,0.9999934434890747,0.9811583757400513,22,6,28,現28倉(DCA6+AI22)
2024-01-18,HOLD,17227.79,0.9999934434890747,0.9749935865402222,22,6,28,現28倉(DCA6+AI22)
2024-01-19,HOLD,17681.52,0.9999934434890747,0.9800170660018921,22,6,28,現28倉(DCA6+AI22)
2024-01-22,BUY,17815.1,0.9999934434890747,0.9696500301361084,23,6,29,"AI+1倉, 現29倉(DCA6+AI23)"
2024-01-23,BUY,17874.59,0.9999934434890747,0.9198617935180664,24,6,30,"AI+1倉, 現30倉(DCA6+AI24)"
2024-01-24,BUY,17875.83,0.9999934434890747,0.8772891163825989,25,6,31,"AI+1倉, 現31倉(DCA6+AI25)"
2024-01-25,BUY,18002.62,0.9999934434890747,0.8787752389907837,26,6,32,"AI+1倉, 現32倉(DCA6+AI26)"
2024-01-26,BUY,17995.03,0.9999934434890747,0.8288214802742004,27,6,33,"AI+1倉, 現33倉(DCA6+AI27)"
2024-01-29,BUY,18119.63,0.9999934434890747,0.767616331577301,28,6,34,"AI+1倉, 現34倉(DCA6+AI28)"
2024-01-30,BUY,18034.63,0.9999934434890747,0.8683127760887146,29,6,35,"AI+1倉, 現35倉(DCA6+AI29)"
2024-01-31,HOLD,17889.56,0.9999934434890747,0.8921915292739868,29,6,35,現35倉(DCA6+AI29)
2024-02-01,HOLD,17968.11,0.9999934434890747,0.9373562335968018,29,7,36,"DCA+1倉, 現36倉(DCA7+AI29)"
2024-02-02,HOLD,18059.93,0.9999934434890747,0.9446258544921875,29,7,36,現36倉(DCA7+AI29)
2024-02-05,HOLD,18096.07,0.9999934434890747,0.9396224617958069,29,7,36,現36倉(DCA7+AI29)
2024-02-15,BUY,18644.57,0.9999934434890747,0.9672776460647583,30,7,37,"AI+1倉, 現37倉(DCA7+AI30)"
2024-02-16,HOLD,18607.25,0.9999934434890747,0.9356825351715088,30,7,37,現37倉(DCA7+AI30)
2024-02-19,HOLD,18635.8,0.9999934434890747,0.9173277020454407,30,7,37,現37倉(DCA7+AI30)
2024-02-20,BUY,18753.16,0.9999934434890747,0.8949456810951233,31,7,38,"AI+1倉, 現38倉(DCA7+AI31)"
2024-02-21,HOLD,18676.31,0.9999934434890747,0.8851039409637451,31,7,38,現38倉(DCA7+AI31)
2024-02-22,BUY,18852.78,0.9999934434890747,0.9082990884780884,32,7,39,"AI+1倉, 現39倉(DCA7+AI32)"
2024-02-23,BUY,18889.19,0.9999934434890747,0.9157382249832153,33,7,40,"AI+1倉, 現40倉(DCA7+AI33)"
2024-02-26,HOLD,18948.05,0.9999934434890747,0.8558107018470764,33,7,40,現40倉(DCA7+AI33)
2024-02-27,BUY,18854.41,0.9999934434890747,0.9305864572525024,34,7,41,"AI+1倉, 現41倉(DCA7+AI34)"
2024-02-29,HOLD,18966.77,0.9999934434890747,0.9227241277694702,34,7,41,現41倉(DCA7+AI34)
2024-03-01,HOLD,18935.93,,0.9228078126907349,34,7,41,現41倉(DCA7+AI34)
2024-03-04,HOLD,19305.31,,0.9381476044654846,34,7,41,現41倉(DCA7+AI34)
2024-03-05,HOLD,19386.92,,0.9117060303688049,34,7,41,現41倉(DCA7+AI34)
2024-03-06,HOLD,19499.45,,0.8691149353981018,34,7,41,現41倉(DCA7+AI34)
2024-03-07,HOLD,19693.52,,0.9141809940338135,34,7,41,現41倉(DCA7+AI34)
2024-03-08,HOLD,19785.32,,0.9387435913085938,34,7,41,現41倉(DCA7+AI34)
2024-03-11,HOLD,19726.08,,0.8791439533233643,34,7,41,現41倉(DCA7+AI34)
2024-03-12,HOLD,19914.55,,0.9069508910179138,34,7,41,現41倉(DCA7+AI34)
2024-03-13,HOLD,19928.51,,0.9323657155036926,34,7,41,現41倉(DCA7+AI34)
2024-03-14,HOLD,19937.92,,0.905717134475708,34,7,41,現41倉(DCA7+AI34)
2024-03-15,HOLD,19682.5,,0.9361817836761475,34,7,41,現41倉(DCA7+AI34)
2024-03-18,HOLD,19879.85,,0.9077655673027039,34,7,41,現41倉(DCA7+AI34)
2024-03-19,HOLD,19857.2,,0.9405043125152588,34,7,41,現41倉(DCA7+AI34)
2024-03-20,HOLD,19784.45,,0.9579359889030457,34,7,41,現41倉(DCA7+AI34)
2024-03-21,HOLD,20199.09,,0.9403625130653381,34,7,41,現41倉(DCA7+AI34)
2024-03-22,HOLD,20228.43,,0.9296669363975525,34,7,41,現41倉(DCA7+AI34)
2024-03-25,HOLD,20192.25,,0.797755777835846,34,7,41,現41倉(DCA7+AI34)
2024-03-26,HOLD,20126.49,,0.904112696647644,34,7,41,現41倉(DCA7+AI34)
2024-03-27,HOLD,20200.12,,0.8581382632255554,34,7,41,現41倉(DCA7+AI34)
2024-03-28,HOLD,20146.55,,0.8907285332679749,34,7,41,現41倉(DCA7+AI34)
2024-03-29,HOLD,20294.45,,0.9061921238899231,34,7,41,現41倉(DCA7+AI34)
2024-04-01,HOLD,20222.33,,0.8566423058509827,34,7,41,現41倉(DCA7+AI34)
2024-04-02,HOLD,20466.57,,0.8425396680831909,34,7,41,現41倉(DCA7+AI34)
2024-04-03,HOLD,20337.6,,0.8562159538269043,34,7,41,現41倉(DCA7+AI34)
2024-04-08,HOLD,20417.7,,0.8486404418945312,34,7,41,現41倉(DCA7+AI34)
2024-04-09,HOLD,20796.2,,0.8663532137870789,34,7,41,現41倉(DCA7+AI34)
2024-04-10,HOLD,20763.53,,0.8368306756019592,34,7,41,現41倉(DCA7+AI34)
2024-04-11,HOLD,20753.22,,0.8517638444900513,34,7,41,現41倉(DCA7+AI34)
2024-04-12,HOLD,20736.57,,0.8817923665046692,34,7,41,現41倉(DCA7+AI34)
2024-04-15,HOLD,20449.77,,0.9158650040626526,34,7,41,現41倉(DCA7+AI34)
2024-04-16,HOLD,19901.96,,0.9640362858772278,34,7,41,現41倉(DCA7+AI34)
2024-04-17,HOLD,20213.33,,0.955814003944397,34,7,41,現41倉(DCA7+AI34)
2024-04-18,HOLD,20301.2,,0.9585207104682922,34,7,41,現41倉(DCA7+AI34)
2024-04-19,HOLD,19527.12,,0.9807363748550415,34,7,41,現41倉(DCA7+AI34)
2024-04-22,HOLD,19411.22,0.9999934434890747,0.9716430902481079,34,7,41,現41倉(DCA7+AI34)
2024-04-23,HOLD,19599.28,,0.9611788988113403,34,7,41,現41倉(DCA7+AI34)
2024-04-24,HOLD,20131.74,,0.9655898213386536,34,7,41,現41倉(DCA7+AI34)
2024-04-25,HOLD,19857.42,,0.9535792469978333,34,7,41,現41倉(DCA7+AI34)
2024-04-26,HOLD,20120.51,,0.9399793744087219,34,7,41,現41倉(DCA7+AI34)
2024-04-29,HOLD,20495.52,,0.9169593453407288,34,7,41,現41倉(DCA7+AI34)
2024-04-30,HOLD,20396.6,,0.8541340827941895,34,7,41,現41倉(DCA7+AI34)
2024-05-02,HOLD,20222.44,0.9999934434890747,0.8591306805610657,34,8,42,"DCA+1倉, 現42倉(DCA8+AI34)"
2024-05-03,HOLD,20330.32,0.9999934434890747,0.8842300176620483,34,8,42,現42倉(DCA8+AI34)
2024-05-06,BUY,20523.31,0.9999934434890747,0.8706144690513611,35,8,43,"AI+1倉, 現43倉(DCA8+AI35)"
2024-05-07,BUY,20653.53,0.9999934434890747,0.8839330077171326,36,8,44,"AI+1倉, 現44倉(DCA8+AI36)"
2024-05-08,BUY,20700.51,0.9999934434890747,0.8438719511032104,37,8,45,"AI+1倉, 現45倉(DCA8+AI37)"
2024-05-09,BUY,20560.77,0.9999934434890747,0.8716089725494385,38,8,46,"AI+1倉, 現46倉(DCA8+AI38)"
2024-05-10,BUY,20708.84,0.9999934434890747,0.875710129737854,39,8,47,"AI+1倉, 現47倉(DCA8+AI39)"
2024-05-13,BUY,20857.71,0.9999934434890747,0.8950241804122925,40,8,48,"AI+1倉, 現48倉(DCA8+AI40)"
2024-05-14,BUY,20985.85,0.9999934434890747,0.9049631953239441,41,8,49,"AI+1倉, 現49倉(DCA8+AI41)"
2024-05-15,HOLD,21147.21,,0.8959373831748962,41,8,49,現49倉(DCA8+AI41)
2024-05-16,HOLD,21304.26,,0.9149185419082642,41,8,49,現49倉(DCA8+AI41)
2024-05-17,HOLD,21258.47,,0.8593247532844543,41,8,49,現49倉(DCA8+AI41)
2024-05-20,HOLD,21271.63,,0.9048985838890076,41,8,49,現49倉(DCA8+AI41)
2024-05-21,HOLD,21236.75,,0.871269166469574,41,8,49,現49倉(DCA8+AI41)
2024-05-22,HOLD,21551.83,,0.9102511405944824,41,8,49,現49倉(DCA8+AI41)
2024-05-23,HOLD,21607.43,,0.9243324398994446,41,8,49,現49倉(DCA8+AI41)
2024-05-24,HOLD,21565.34,,0.855706512928009,41,8,49,現49倉(DCA8+AI41)
2024-05-27,HOLD,21803.77,,0.8766098022460938,41,8,49,現49倉(DCA8+AI41)
2024-05-28,HOLD,21858.41,,0.8759295344352722,41,8,49,現49倉(DCA8+AI41)
2024-05-29,HOLD,21662.5,,0.8888558149337769,41,8,49,現49倉(DCA8+AI41)
2024-05-30,HOLD,21364.48,,0.9115838408470154,41,8,49,現49倉(DCA8+AI41)
2024-05-31,HOLD,21174.22,,0.9722112417221069,41,8,49,現49倉(DCA8+AI41)
2024-06-03,HOLD,21536.76,,0.9579307436943054,41,8,49,現49倉(DCA8+AI41)
2024-06-04,HOLD,21356.62,,0.958606481552124,41,8,49,現49倉(DCA8+AI41)
2024-06-05,HOLD,21484.88,,0.9383962154388428,41,8,49,現49倉(DCA8+AI41)
2024-06-06,HOLD,21902.7,,0.9500684142112732,41,8,49,現49倉(DCA8+AI41)
2024-06-07,HOLD,21858.38,,0.9072135090827942,41,8,49,現49倉(DCA8+AI41)
2024-06-11,HOLD,21792.12,,0.8895634412765503,41,8,49,現49倉(DCA8+AI41)
2024-06-12,HOLD,22048.96,,0.8663439154624939,41,8,49,現49倉(DCA8+AI41)
2024-06-13,HOLD,22312.04,,0.8884424567222595,41,8,49,現49倉(DCA8+AI41)
2024-06-14,HOLD,22504.72,,0.8236024975776672,41,8,49,現49倉(DCA8+AI41)
2024-06-17,HOLD,22496.53,,0.7774245738983154,41,8,49,現49倉(DCA8+AI41)
2024-06-18,HOLD,22757.43,,0.8112125396728516,41,8,49,現49倉(DCA8+AI41)
2024-06-19,HOLD,23209.54,,0.8681563138961792,41,8,49,現49倉(DCA8+AI41)
2024-06-20,HOLD,23406.1,,0.8096306920051575,41,8,49,現49倉(DCA8+AI41)
2024-06-21,HOLD,23253.39,,0.879891574382782,41,8,49,現49倉(DCA8+AI41)
2024-06-24,HOLD,22813.7,,0.8656416535377502,41,8,49,現49倉(DCA8+AI41)
2024-06-25,HOLD,22875.97,,0.8686853647232056,41,8,49,現49倉(DCA8+AI41)
2024-06-26,HOLD,22986.69,,0.8745113015174866,41,8,49,現49倉(DCA8+AI41)
2024-06-27,HOLD,22905.98,,0.8850520253181458,41,8,49,現49倉(DCA8+AI41)
2024-06-28,HOLD,23032.25,,0.9065810441970825,41,8,49,現49倉(DCA8+AI41)
2024-07-01,HOLD,23058.57,,0.9080553650856018,41,8,49,現49倉(DCA8+AI41)
2024-07-02,HOLD,22879.37,,0.9237463474273682,41,8,49,現49倉(DCA8+AI41)
2024-07-03,HOLD,23172.43,,0.9311656951904297,41,8,49,現49倉(DCA8+AI41)
2024-07-04,HOLD,23522.53,,0.9051508903503418,41,8,49,現49倉(DCA8+AI41)
2024-07-05,HOLD,23556.59,,0.8460668921470642,41,8,49,現49倉(DCA8+AI41)
2024-07-08,HOLD,23878.15,,0.8670192360877991,41,8,49,現49倉(DCA8+AI41)
2024-07-09,HOLD,23900.08,,0.8523169159889221,41,8,49,現49倉(DCA8+AI41)
2024-07-10,HOLD,24007.08,,0.8299037218093872,41,8,49,現49倉(DCA8+AI41)
2024-07-11,HOLD,24390.03,,0.8320379257202148,41,8,49,現49倉(DCA8+AI41)
2024-07-12,HOLD,23916.93,,0.867747962474823,41,8,49,現49倉(DCA8+AI41)
2024-07-15,HOLD,23879.36,,0.8347163796424866,41,8,49,現49倉(DCA8+AI41)
2024-07-16,HOLD,23997.25,,0.8847498297691345,41,8,49,現49倉(DCA8+AI41)
2024-07-17,HOLD,23769.82,,0.9272042512893677,41,8,49,現49倉(DCA8+AI41)
2024-07-18,HOLD,23398.47,,0.9577638506889343,41,8,49,現49倉(DCA8+AI41)
2024-07-19,HOLD,22869.26,,0.9680188298225403,41,8,49,現49倉(DCA8+AI41)
2024-07-22,HOLD,22256.99,,0.9723648428916931,41,8,49,現49倉(DCA8+AI41)
2024-07-23,HOLD,22871.84,,0.9595129489898682,41,8,49,現49倉(DCA8+AI41)
2024-07-26,HOLD,22119.21,,0.9689190983772278,41,8,49,現49倉(DCA8+AI41)
2024-07-29,HOLD,22164.49,,0.961811900138855,41,8,49,現49倉(DCA8+AI41)
2024-07-30,HOLD,22223.57,,0.9592175483703613,41,8,49,現49倉(DCA8+AI41)
2024-07-31,HOLD,22199.35,,0.9598149657249451,41,8,49,現49倉(DCA8+AI41)
2024-08-01,HOLD,22642.1,,0.9587186574935913,41,8,49,現49倉(DCA8+AI41)
2024-08-02,HOLD,21638.09,,0.9690212607383728,41,8,49,現49倉(DCA8+AI41)
2024-08-05,HOLD,19830.88,,0.9799961447715759,41,8,49,現49倉(DCA8+AI41)
2024-08-06,HOLD,20501.02,,0.9795857071876526,41,8,49,現49倉(DCA8+AI41)
2024-08-07,HOLD,21295.28,,0.9664702415466309,41,8,49,現49倉(DCA8+AI41)
2024-08-08,HOLD,20870.1,,0.959317147731781,41,8,49,現49倉(DCA8+AI41)
2024-08-09,HOLD,21469.0,,0.9527197480201721,41,8,49,現49倉(DCA8+AI41)
2024-08-12,HOLD,21773.26,,0.9137207269668579,41,8,49,現49倉(DCA8+AI41)
2024-08-13,HOLD,21796.57,,0.8993390798568726,41,8,49,現49倉(DCA8+AI41)
2024-08-14,HOLD,22027.25,,0.905721127986908,41,8,49,現49倉(DCA8+AI41)
2024-08-15,HOLD,21895.17,,0.8334072232246399,41,8,49,現49倉(DCA8+AI41)
2024-08-16,HOLD,22349.33,,0.8492349982261658,41,8,49,現49倉(DCA8+AI41)
2024-08-19,HOLD,22409.63,,0.7195431590080261,41,8,49,現49倉(DCA8+AI41)
2024-08-20,HOLD,22429.1,,0.7746820449829102,41,8,49,現49倉(DCA8+AI41)
2024-08-21,HOLD,22237.89,,0.8109135031700134,41,8,49,現49倉(DCA8+AI41)
2024-08-22,HOLD,22148.83,,0.7908031344413757,41,8,49,現49倉(DCA8+AI41)
2024-08-23,HOLD,22158.05,,0.8756276369094849,41,8,49,現49倉(DCA8+AI41)
2024-08-26,HOLD,22240.12,,0.9100137948989868,41,8,49,現49倉(DCA8+AI41)
2024-08-27,HOLD,22185.0,,0.8931830525398254,41,8,49,現49倉(DCA8+AI41)
2024-08-28,HOLD,22370.66,,0.9210602641105652,41,8,49,現49倉(DCA8+AI41)
2024-08-29,HOLD,22201.85,,0.9243656396865845,41,8,49,現49倉(DCA8+AI41)
2024-08-30,HOLD,22268.09,,0.9386559724807739,41,8,49,現49倉(DCA8+AI41)
2024-09-02,HOLD,22235.1,,0.9202333688735962,41,8,49,現49倉(DCA8+AI41)
2024-09-03,HOLD,22092.21,,0.9216691851615906,41,8,49,現49倉(DCA8+AI41)
2024-09-04,HOLD,21092.75,,0.9777044057846069,41,8,49,現49倉(DCA8+AI41)
2024-09-05,HOLD,21187.71,,0.9633864760398865,41,8,49,現49倉(DCA8+AI41)
2024-09-06,HOLD,21435.19,,0.9587880373001099,41,8,49,現49倉(DCA8+AI41)
2024-09-09,HOLD,21144.44,,0.9673773646354675,41,8,49,現49倉(DCA8+AI41)
2024-09-10,HOLD,21064.08,,0.9712807536125183,41,8,49,現49倉(DCA8+AI41)
2024-09-11,HOLD,21031.0,,0.9605634212493896,41,8,49,現49倉(DCA8+AI41)
2024-09-12,HOLD,21653.25,,0.9663429856300354,41,8,49,現49倉(DCA8+AI41)
2024-09-13,HOLD,21759.65,,0.9516980051994324,41,8,49,現49倉(DCA8+AI41)
2024-09-16,HOLD,21850.08,,0.9142836928367615,41,8,49,現49倉(DCA8+AI41)
2024-09-18,HOLD,21678.84,,0.931892991065979,41,8,49,現49倉(DCA8+AI41)
2024-09-19,HOLD,22042.69,,0.9079748392105103,41,8,49,現49倉(DCA8+AI41)
2024-09-20,HOLD,22159.42,,0.9428976774215698,41,8,49,現49倉(DCA8+AI41)
2024-09-23,HOLD,22285.53,,0.8407821655273438,41,8,49,現49倉(DCA8+AI41)
2024-09-24,HOLD,22431.78,,0.876424252986908,41,8,49,現49倉(DCA8+AI41)
2024-09-25,HOLD,22761.6,,0.9206026792526245,41,8,49,現49倉(DCA8+AI41)
2024-09-26,HOLD,22858.81,,0.9055082201957703,41,8,49,現49倉(DCA8+AI41)
2024-09-27,HOLD,22822.79,,0.9164470434188843,41,8,49,現49倉(DCA8+AI41)
2024-09-30,HOLD,22224.54,,0.9417707324028015,41,8,49,現49倉(DCA8+AI41)
2024-10-01,HOLD,22390.39,,0.9048393368721008,41,8,49,現49倉(DCA8+AI41)
2024-10-04,HOLD,22302.71,,0.9663494229316711,41,8,49,現49倉(DCA8+AI41)
2024-10-07,HOLD,22702.56,,0.9652650356292725,41,8,49,現49倉(DCA8+AI41)
2024-10-08,HOLD,22611.39,,0.9602412581443787,41,8,49,現49倉(DCA8+AI41)
2024-10-09,HOLD,22659.08,,0.9575254917144775,41,8,49,現49倉(DCA8+AI41)
2024-10-11,HOLD,22901.64,,0.9412962198257446,41,8,49,現49倉(DCA8+AI41)
2024-10-14,HOLD,22975.29,,0.9122704863548279,41,8,49,現49倉(DCA8+AI41)
2024-10-15,HOLD,23292.04,,0.9173749685287476,41,8,49,現49倉(DCA8+AI41)
2024-10-16,HOLD,23010.98,,0.9209679365158081,41,8,49,現49倉(DCA8+AI41)
2024-10-17,HOLD,23053.84,,0.8885858058929443,41,8,49,現49倉(DCA8+AI41)
2024-10-18,HOLD,23487.27,,0.9351140260696411,41,8,49,現49倉(DCA8+AI41)
2024-10-21,HOLD,23542.53,,0.8522232174873352,41,8,49,現49倉(DCA8+AI41)
2024-10-22,HOLD,23535.43,,0.8542024493217468,41,8,49,現49倉(DCA8+AI41)
2024-10-23,HOLD,23334.76,,0.8461175560951233,41,8,49,現49倉(DCA8+AI41)
2024-10-24,HOLD,23192.52,,0.9149644374847412,41,8,49,現49倉(DCA8+AI41)
2024-10-25,HOLD,23348.45,,0.887394368648529,41,8,49,現49倉(DCA8+AI41)
2024-10-28,HOLD,23198.07,,0.9345859289169312,41,8,49,現49倉(DCA8+AI41)
2024-10-29,HOLD,22926.59,,0.9454450011253357,41,8,49,現49倉(DCA8+AI41)
2024-10-30,HOLD,22820.43,,0.9582403898239136,41,8,49,現49倉(DCA8+AI41)
2024-11-01,HOLD,22780.08,,0.9696019291877747,41,8,49,現49倉(DCA8+AI41)
2024-11-04,HOLD,22965.39,,0.9491527080535889,41,8,49,現49倉(DCA8+AI41)
2024-11-05,HOLD,23106.79,,0.9342895150184631,41,8,49,現49倉(DCA8+AI41)
2024-11-06,HOLD,23217.38,,0.9419273138046265,41,8,49,現49倉(DCA8+AI41)
2024-11-07,HOLD,23408.82,,0.9256688952445984,41,8,49,現49倉(DCA8+AI41)
2024-11-08,HOLD,23553.89,,0.9163090586662292,41,8,49,現49倉(DCA8+AI41)
2024-11-11,HOLD,23529.64,,0.8538432717323303,41,8,49,現49倉(DCA8+AI41)
2024-11-12,HOLD,22981.77,,0.9327189326286316,41,8,49,現49倉(DCA8+AI41)
2024-11-13,HOLD,22860.23,,0.9242697954177856,41,8,49,現49倉(DCA8+AI41)
2024-11-14,HOLD,22715.38,,0.9538701772689819,41,8,49,現49倉(DCA8+AI41)
2024-11-15,HOLD,22742.77,,0.9649379253387451,41,8,49,現49倉(DCA8+AI41)
2024-11-18,HOLD,22546.54,,0.9684168696403503,41,8,49,現49倉(DCA8+AI41)
2024-11-19,HOLD,22848.8,,0.9690679907798767,41,8,49,現49倉(DCA8+AI41)
2024-11-20,HOLD,22688.36,,0.9735100865364075,41,8,49,現49倉(DCA8+AI41)
2024-11-21,HOLD,22555.66,,0.9686611890792847,41,8,49,現49倉(DCA8+AI41)
2024-11-22,HOLD,22904.32,,0.9667254090309143,41,8,49,現49倉(DCA8+AI41)
2024-11-25,HOLD,22948.37,,0.9698563814163208,41,8,49,現49倉(DCA8+AI41)
2024-11-26,HOLD,22678.76,,0.9456174373626709,41,8,49,現49倉(DCA8+AI41)
2024-11-27,HOLD,22334.78,,0.963697075843811,41,8,49,現49倉(DCA8+AI41)
2024-11-28,HOLD,22298.9,,0.9596877098083496,41,8,49,現49倉(DCA8+AI41)
2024-11-29,HOLD,22262.5,,0.9645333290100098,41,8,49,現49倉(DCA8+AI41)
2024-12-02,HOLD,22736.93,,0.9599630236625671,41,8,49,現49倉(DCA8+AI41)
2024-12-03,HOLD,23027.46,,0.9568018317222595,41,8,49,現49倉(DCA8+AI41)
2024-12-04,HOLD,23255.33,,0.9141454100608826,41,8,49,現49倉(DCA8+AI41)
2024-12-05,HOLD,23267.94,,0.8703963160514832,41,8,49,現49倉(DCA8+AI41)
2024-12-06,HOLD,23193.27,,0.8679448366165161,41,8,49,現49倉(DCA8+AI41)
2024-12-09,HOLD,23273.25,,0.850336492061615,41,8,49,現49倉(DCA8+AI41)
2024-12-10,HOLD,23125.08,,0.8555004596710205,41,8,49,現49倉(DCA8+AI41)
2024-12-11,HOLD,22903.63,,0.8621364831924438,41,8,49,現49倉(DCA8+AI41)
2024-12-12,HOLD,23046.8,,0.9086512923240662,41,8,49,現49倉(DCA8+AI41)
2024-12-13,HOLD,23020.48,,0.9273390769958496,41,8,49,現49倉(DCA8+AI41)
2024-12-16,HOLD,23039.9,,0.962835967540741,41,8,49,現49倉(DCA8+AI41)
2024-12-17,HOLD,23018.01,,0.9620338678359985,41,8,49,現49倉(DCA8+AI41)
2024-12-18,HOLD,23168.67,,0.95921790599823,41,8,49,現49倉(DCA8+AI41)
2024-12-19,HOLD,22932.25,,0.9670017957687378,41,8,49,現49倉(DCA8+AI41)
2024-12-20,HOLD,22510.25,,0.9734708070755005,41,8,49,現49倉(DCA8+AI41)
2024-12-23,HOLD,23104.54,,0.9578245282173157,41,8,49,現49倉(DCA8+AI41)
2024-12-24,HOLD,23120.24,,0.9493750929832458,41,8,49,現49倉(DCA8+AI41)
2024-12-25,HOLD,23220.13,,0.878002941608429,41,8,49,現49倉(DCA8+AI41)
2024-12-26,HOLD,23246.94,,0.8591696619987488,41,8,49,現49倉(DCA8+AI41)
2024-12-27,HOLD,23275.68,,0.7894670963287354,41,8,49,現49倉(DCA8+AI41)
2024-12-30,HOLD,23190.2,,0.7909942865371704,41,8,49,現49倉(DCA8+AI41)
2024-12-31,HOLD,23035.1,,0.8078799247741699,41,8,49,現49倉(DCA8+AI41)
2025-01-02,HOLD,22832.06,0.9999934434890747,0.9322067499160767,41,9,50,"DCA+1倉, 現50倉(DCA9+AI41)"
2025-01-03,HOLD,22908.3,0.9999934434890747,0.9408546090126038,41,9,50,現50倉(DCA9+AI41)
2025-01-06,BUY,23547.71,0.9999934434890747,0.9549469351768494,42,9,51,"AI+1倉, 現51倉(DCA9+AI42)"
2025-01-07,BUY,23651.27,0.9999934434890747,0.9586377739906311,43,9,52,"AI+1倉, 現52倉(DCA9+AI43)"
2025-01-08,HOLD,23407.33,0.9999934434890747,0.9371036291122437,43,9,52,現52倉(DCA9+AI43)
2025-01-09,HOLD,23081.13,0.9999934434890747,0.9548988938331604,43,9,52,現52倉(DCA9+AI43)
2025-01-10,HOLD,23011.86,0.9999934434890747,0.9549746513366699,43,9,52,現52倉(DCA9+AI43)
2025-01-13,HOLD,22488.33,0.9999934434890747,0.977516770362854,43,9,52,現52倉(DCA9+AI43)
2025-01-14,HOLD,22797.52,0.9999934434890747,0.962857723236084,43,9,52,現52倉(DCA9+AI43)
2025-01-15,HOLD,22514.57,0.9999934434890747,0.9694589376449585,43,9,52,現52倉(DCA9+AI43)
2025-01-16,HOLD,23025.1,0.9999934434890747,0.9712939262390137,43,9,52,現52倉(DCA9+AI43)
2025-01-17,HOLD,23148.08,0.9999934434890747,0.9662113189697266,43,9,52,現52倉(DCA9+AI43)
2025-01-20,HOLD,23266.82,0.9999934434890747,0.944150984287262,43,9,52,現52倉(DCA9+AI43)
2025-01-21,HOLD,23300.01,0.9999934434890747,0.9237433671951294,43,9,52,現52倉(DCA9+AI43)
2025-01-22,HOLD,23525.41,0.9999934434890747,0.9432289004325867,43,9,52,現52倉(DCA9+AI43)
2025-02-03,HOLD,22694.71,0.9999934434890747,0.9741708040237427,43,10,53,"DCA+1倉, 現53倉(DCA10+AI43)"
2025-02-04,HOLD,22793.96,0.9999934434890747,0.9675623774528503,43,10,53,現53倉(DCA10+AI43)
2025-02-05,HOLD,23161.58,0.9999934434890747,0.962191104888916,43,10,53,現53倉(DCA10+AI43)
2025-02-06,HOLD,23316.6,0.9999934434890747,0.9572088718414307,43,10,53,現53倉(DCA10+AI43)
2025-02-07,HOLD,23478.27,0.9999934434890747,0.9484630823135376,43,10,53,現53倉(DCA10+AI43)
2025-02-10,HOLD,23252.14,0.9999934434890747,0.9326277375221252,43,10,53,現53倉(DCA10+AI43)
2025-02-11,HOLD,23384.05,0.9999934434890747,0.9311250448226929,43,10,53,現53倉(DCA10+AI43)
2025-02-12,HOLD,23289.75,0.9999934434890747,0.9379176497459412,43,10,53,現53倉(DCA10+AI43)
2025-02-13,HOLD,23399.41,0.9999934434890747,0.9320865869522095,43,10,53,現53倉(DCA10+AI43)
2025-02-14,HOLD,23152.61,0.9999934434890747,0.9476574659347534,43,10,53,現53倉(DCA10+AI43)
2025-02-17,HOLD,23505.33,0.9999934434890747,0.9291158318519592,43,10,53,現53倉(DCA10+AI43)
2025-02-18,BUY,23666.11,0.9999934434890747,0.8853440880775452,44,10,54,"AI+1倉, 現54倉(DCA10+AI44)"
2025-02-19,BUY,23604.08,0.9999934434890747,0.8945180773735046,45,10,55,"AI+1倉, 現55倉(DCA10+AI45)"
2025-02-20,HOLD,23487.46,0.9999934434890747,0.9158663749694824,45,10,55,現55倉(DCA10+AI45)
2025-02-21,BUY,23730.25,0.9999934434890747,0.9170717000961304,46,10,56,"AI+1倉, 現56倉(DCA10+AI46)"
2025-02-24,HOLD,23565.31,0.9999934434890747,0.9123163223266602,46,10,56,現56倉(DCA10+AI46)
2025-02-25,HOLD,23285.72,0.9999934434890747,0.9483250975608826,46,10,56,現56倉(DCA10+AI46)
2025-02-26,HOLD,23402.55,0.9999934434890747,0.9508530497550964,46,10,56,現56倉(DCA10+AI46)
2025-02-27,HOLD,23053.18,0.9999934434890747,0.9761673212051392,46,10,56,現56倉(DCA10+AI46)
2025-03-03,HOLD,22756.25,0.9999934434890747,0.9757438898086548,46,11,57,"DCA+1倉, 現57倉(DCA11+AI46)"
2025-03-04,HOLD,22596.88,0.9999934434890747,0.976296603679657,46,11,57,現57倉(DCA11+AI46)
2025-03-05,HOLD,22871.9,0.9999934434890747,0.9701692461967468,46,11,57,現57倉(DCA11+AI46)
2025-03-06,HOLD,22715.43,0.9999934434890747,0.9690686464309692,46,11,57,現57倉(DCA11+AI46)
2025-03-07,HOLD,22576.07,0.9999934434890747,0.9690910577774048,46,11,57,現57倉(DCA11+AI46)
2025-03-10,HOLD,22459.15,0.9999934434890747,0.9720242023468018,46,11,57,現57倉(DCA11+AI46)
2025-03-11,HOLD,22071.09,0.9999934434890747,0.9773128032684326,46,11,57,現57倉(DCA11+AI46)
2025-03-12,HOLD,22278.36,0.9999934434890747,0.9702324271202087,46,11,57,現57倉(DCA11+AI46)
2025-03-13,HOLD,21961.68,0.9999934434890747,0.9748124480247498,46,11,57,現57倉(DCA11+AI46)
2025-03-14,HOLD,21968.05,0.9999934434890747,0.968325674533844,46,11,57,現57倉(DCA11+AI46)
2025-03-17,HOLD,22118.63,0.9999934434890747,0.9651913046836853,46,11,57,現57倉(DCA11+AI46)
2025-03-18,HOLD,22271.67,0.9999934434890747,0.9614601135253906,46,11,57,現57倉(DCA11+AI46)
2025-03-19,HOLD,21960.83,0.9999934434890747,0.9660706520080566,46,11,57,現57倉(DCA11+AI46)
2025-03-20,HOLD,22377.26,0.9999934434890747,0.9535222053527832,46,11,57,現57倉(DCA11+AI46)
2025-03-21,HOLD,22209.1,0.9999934434890747,0.9584386944770813,46,11,57,現57倉(DCA11+AI46)
2025-03-24,HOLD,22106.64,0.9999934434890747,0.9390157461166382,46,11,57,現57倉(DCA11+AI46)
2025-03-25,HOLD,22273.19,0.9999934434890747,0.9413281083106995,46,11,57,現57倉(DCA11+AI46)
2025-03-26,HOLD,22260.29,0.9999934434890747,0.9273412227630615,46,11,57,現57倉(DCA11+AI46)
2025-03-27,HOLD,21951.76,0.9999934434890747,0.9487820267677307,46,11,57,現57倉(DCA11+AI46)
2025-03-28,SELL,21602.89,0.9999934434890747,0.9705061912536621,41,11,52,"AI-5倉, 現52倉(DCA11+AI41)"
2025-03-31,HOLD,20695.9,0.9999934434890747,0.9819059371948242,41,11,52,現52倉(DCA11+AI41)
2025-04-01,HOLD,21280.17,0.9999934434890747,0.972312867641449,41,12,53,"DCA+1倉, 現53倉(DCA12+AI41)"
2025-04-02,HOLD,21298.22,0.9999934434890747,0.9649731516838074,41,12,53,現53倉(DCA12+AI41)
2025-04-07,SELL,19232.35,0.9999934434890747,0.9690463542938232,40,12,52,"AI-1倉, 現52倉(DCA12+AI40)"
2025-04-08,SELL,18459.95,0.9999934434890747,0.9853640198707581,34,12,46,"AI-6倉, 現46倉(DCA12+AI34)"
2025-04-09,HOLD,17391.76,0.9999933242797852,0.9853876233100891,34,12,46,現46倉(DCA12+AI34)
2025-04-10,HOLD,19000.03,0.9999934434890747,0.9714388847351074,34,12,46,現46倉(DCA12+AI34)
2025-04-11,HOLD,19528.77,0.9999934434890747,0.9834529757499695,34,12,46,現46倉(DCA12+AI34)
2025-04-14,HOLD,19513.09,0.9999934434890747,0.979462206363678,34,12,46,現46倉(DCA12+AI34)
2025-04-15,HOLD,19857.67,0.9999934434890747,0.9633828401565552,34,12,46,現46倉(DCA12+AI34)
2025-04-16,HOLD,19468.0,0.9999934434890747,0.9593815803527832,34,12,46,現46倉(DCA12+AI34)
2025-04-17,HOLD,19338.73,0.9999934434890747,0.9424382448196411,34,12,46,現46倉(DCA12+AI34)
2025-04-18,HOLD,19395.03,0.9999934434890747,0.9277918934822083,34,12,46,現46倉(DCA12+AI34)
2025-04-21,HOLD,19106.2,0.9999934434890747,0.9312534332275391,34,12,46,現46倉(DCA12+AI34)
2025-04-22,HOLD,18793.43,0.9999934434890747,0.9477196931838989,34,12,46,現46倉(DCA12+AI34)
2025-04-23,HOLD,19639.14,0.9999934434890747,0.9548112750053406,34,12,46,現46倉(DCA12+AI34)
2025-04-24,HOLD,19478.81,0.9999934434890747,0.9442591071128845,34,12,46,現46倉(DCA12+AI34)
2025-04-25,HOLD,19872.73,0.9999934434890747,0.9474067091941833,34,12,46,現46倉(DCA12+AI34)
2025-04-28,BUY,20034.41,0.9999934434890747,0.9018579125404358,35,12,47,"AI+1倉, 現47倉(DCA12+AI35)"
2025-04-29,BUY,20232.63,0.9999934434890747,0.8775118589401245,36,12,48,"AI+1倉, 現48倉(DCA12+AI36)"
2025-04-30,BUY,20235.03,0.9999934434890747,0.9125555157661438,37,12,49,"AI+1倉, 現49倉(DCA12+AI37)"
2025-05-02,BUY,20787.64,0.9999934434890747,0.9235941171646118,38,13,51,"DCA+1倉, AI+1倉, 現51倉(DCA13+AI38)"
2025-05-05,BUY,20532.99,0.9999934434890747,0.9472237825393677,39,13,52,"AI+1倉, 現52倉(DCA13+AI39)"
2025-05-06,HOLD,20522.59,0.9999934434890747,0.9045143127441406,39,13,52,現52倉(DCA13+AI39)
2025-05-07,HOLD,20546.49,0.9999934434890747,0.9085777997970581,39,13,52,現52倉(DCA13+AI39)
2025-05-08,HOLD,20543.4,0.9999934434890747,0.9249553680419922,39,13,52,現52倉(DCA13+AI39)
2025-05-09,BUY,20915.04,0.9999934434890747,0.9319466352462769,40,13,53,"AI+1倉, 現53倉(DCA13+AI40)"
2025-05-12,BUY,21129.54,0.9999934434890747,0.9290843605995178,41,13,54,"AI+1倉, 現54倉(DCA13+AI41)"
2025-05-13,BUY,21330.14,0.9999934434890747,0.9628119468688965,42,13,55,"AI+1倉, 現55倉(DCA13+AI42)"
2025-05-14,BUY,21782.87,0.9999934434890747,0.9552316069602966,43,13,56,"AI+1倉, 現56倉(DCA13+AI43)"
2025-05-15,BUY,21730.25,0.9999934434890747,0.9222427010536194,44,13,57,"AI+1倉, 現57倉(DCA13+AI44)"
2025-05-16,BUY,21843.69,0.9999934434890747,0.9226518869400024,45,13,58,"AI+1倉, 現58倉(DCA13+AI45)"
2025-05-19,HOLD,21523.83,0.9999934434890747,0.9188856482505798,45,13,58,現58倉(DCA13+AI45)
2025-05-20,HOLD,21526.03,0.9999934434890747,0.8954919576644897,45,13,58,現58倉(DCA13+AI45)
2025-05-21,BUY,21803.91,0.9999934434890747,0.8946372270584106,46,13,59,"AI+1倉, 現59倉(DCA13+AI46)"
2025-05-22,HOLD,21670.96,,0.9016401171684265,46,13,59,現59倉(DCA13+AI46)
2025-05-23,HOLD,21652.24,,0.9133553504943848,46,13,59,現59倉(DCA13+AI46)
2025-05-26,HOLD,21536.57,,0.9435499310493469,46,13,59,現59倉(DCA13+AI46)
2025-05-27,HOLD,21336.54,,0.9677336812019348,46,13,59,現59倉(DCA13+AI46)
2025-05-28,HOLD,21357.72,,0.9744107723236084,46,13,59,現59倉(DCA13+AI46)
2025-05-29,HOLD,21347.3,,0.9817795157432556,46,13,59,現59倉(DCA13+AI46)
2025-06-02,HOLD,21002.71,,0.9780816435813904,46,13,59,現59倉(DCA13+AI46)
2025-06-03,HOLD,21126.93,,0.9779726266860962,46,13,59,現59倉(DCA13+AI46)
2025-06-04,HOLD,21618.09,,0.9755590558052063,46,13,59,現59倉(DCA13+AI46)
2025-06-05,HOLD,21674.43,,0.9650403261184692,46,13,59,現59倉(DCA13+AI46)
2025-06-06,HOLD,21660.66,,0.9132123589515686,46,13,59,現59倉(DCA13+AI46)
2025-06-09,HOLD,21790.29,,0.8796356916427612,46,13,59,現59倉(DCA13+AI46)
2025-06-10,HOLD,22242.14,,0.9118234515190125,46,13,59,現59倉(DCA13+AI46)
2025-06-11,HOLD,22470.1,,0.9028254151344299,46,13,59,現59倉(DCA13+AI46)
2025-06-12,HOLD,22287.82,,0.8707388043403625,46,13,59,現59倉(DCA13+AI46)
2025-06-13,HOLD,22072.95,,0.9033594131469727,46,13,59,現59倉(DCA13+AI46)
2025-06-16,HOLD,22049.9,,0.8473618626594543,46,13,59,現59倉(DCA13+AI46)
2025-06-17,HOLD,22211.59,,0.9270310997962952,46,13,59,現59倉(DCA13+AI46)
2025-06-18,HOLD,22356.73,,0.9318349361419678,46,13,59,現59倉(DCA13+AI46)
2025-06-19,HOLD,22003.5,,0.9357741475105286,46,13,59,現59倉(DCA13+AI46)
2025-06-20,HOLD,22045.74,,0.9551967978477478,46,13,59,現59倉(DCA13+AI46)
2025-06-23,HOLD,21732.02,,0.9483019709587097,46,13,59,現59倉(DCA13+AI46)
2025-06-24,HOLD,22188.76,,0.9552037715911865,46,13,59,現59倉(DCA13+AI46)
2025-06-25,HOLD,22430.61,,0.9444682002067566,46,13,59,現59倉(DCA13+AI46)
2025-06-26,HOLD,22492.34,,0.9229602217674255,46,13,59,現59倉(DCA13+AI46)
2025-06-27,HOLD,22580.08,,0.8642022609710693,46,13,59,現59倉(DCA13+AI46)
2025-06-30,HOLD,22256.02,,0.8880525231361389,46,13,59,現59倉(DCA13+AI46)
2025-07-01,HOLD,22553.72,,0.9245100021362305,46,13,59,現59倉(DCA13+AI46)
2025-07-02,HOLD,22577.74,,0.8690873980522156,46,13,59,現59倉(DCA13+AI46)
2025-07-03,HOLD,22712.97,,0.8998738527297974,46,13,59,現59倉(DCA13+AI46)
2025-07-04,HOLD,22547.5,,0.8979645371437073,46,13,59,現59倉(DCA13+AI46)
2025-07-07,HOLD,22428.72,,0.8678141236305237,46,13,59,現59倉(DCA13+AI46)
2025-07-08,HOLD,22362.27,,0.9356369972229004,46,13,59,現59倉(DCA13+AI46)
2025-07-09,HOLD,22527.01,,0.9562559723854065,46,13,59,現59倉(DCA13+AI46)
2025-07-10,HOLD,22693.25,,0.9462515711784363,46,13,59,現59倉(DCA13+AI46)
2025-07-11,HOLD,22751.03,,0.9411734342575073,46,13,59,現59倉(DCA13+AI46)
2025-07-14,HOLD,22614.97,,0.8938358426094055,46,13,59,現59倉(DCA13+AI46)
2025-07-15,HOLD,22835.94,,0.8991081714630127,46,13,59,現59倉(DCA13+AI46)
2025-07-16,HOLD,23042.9,,0.9285343885421753,46,13,59,現59倉(DCA13+AI46)
2025-07-17,HOLD,23113.28,,0.8831844925880432,46,13,59,現59倉(DCA13+AI46)
2025-07-18,HOLD,23383.13,,0.8942199945449829,46,13,59,現59倉(DCA13+AI46)
2025-07-21,HOLD,23340.56,,0.8262084126472473,46,13,59,現59倉(DCA13+AI46)
2025-07-22,HOLD,22987.92,,0.9435182213783264,46,13,59,現59倉(DCA13+AI46)
2025-07-23,HOLD,23318.67,,0.9287396669387817,46,13,59,現59倉(DCA13+AI46)
2025-07-24,HOLD,23373.73,,0.9089876413345337,46,13,59,現59倉(DCA13+AI46)
2025-07-25,HOLD,23364.38,,0.8506085276603699,46,13,59,現59倉(DCA13+AI46)
2025-07-28,HOLD,23412.98,,0.8887068629264832,46,13,59,現59倉(DCA13+AI46)
2025-07-29,HOLD,23201.52,,0.9465966820716858,46,13,59,現59倉(DCA13+AI46)
2025-07-30,HOLD,23461.72,,0.9243575930595398,46,13,59,現59倉(DCA13+AI46)
2025-07-31,HOLD,23542.52,,0.9478830099105835,46,13,59,現59倉(DCA13+AI46)
2025-08-01,HOLD,23434.38,,0.9428558945655823,46,13,59,現59倉(DCA13+AI46)
2025-08-04,HOLD,23378.94,,0.9215195178985596,46,13,59,現59倉(DCA13+AI46)
2025-08-05,HOLD,23660.59,,0.931085467338562,46,13,59,現59倉(DCA13+AI46)
2025-08-06,HOLD,23447.36,,0.9232547879219055,46,13,59,現59倉(DCA13+AI46)
2025-08-07,HOLD,24003.77,,0.9433760046958923,46,13,59,現59倉(DCA13+AI46)
2025-08-08,HOLD,24021.26,,0.9145401120185852,46,13,59,現59倉(DCA13+AI46)
2025-08-11,HOLD,24135.5,,0.9087153077125549,46,13,59,現59倉(DCA13+AI46)
2025-08-12,HOLD,24158.36,,0.8963887691497803,46,13,59,現59倉(DCA13+AI46)
2025-08-13,HOLD,24370.02,,0.9327011704444885,46,13,59,現59倉(DCA13+AI46)
2025-08-14,HOLD,24238.1,,0.913405179977417,46,13,59,現59倉(DCA13+AI46)
2025-08-15,HOLD,24334.48,,0.8974090218544006,46,13,59,現59倉(DCA13+AI46)
2025-08-18,HOLD,24482.52,,0.8881030678749084,46,13,59,現59倉(DCA13+AI46)
2025-08-19,HOLD,24353.5,,0.871124804019928,46,13,59,現59倉(DCA13+AI46)
2025-08-20,HOLD,23625.44,,0.9618926644325256,46,13,59,現59倉(DCA13+AI46)
2025-08-21,HOLD,23962.13,,0.9445062875747681,46,13,59,現59倉(DCA13+AI46)
2025-08-22,HOLD,23764.47,,0.9614031910896301,46,13,59,現59倉(DCA13+AI46)
2025-08-25,HOLD,24277.38,,0.9624139666557312,46,13,59,現59倉(DCA13+AI46)
2025-08-26,HOLD,24305.1,,0.9600628018379211,46,13,59,現59倉(DCA13+AI46)
2025-08-27,HOLD,24519.9,,0.9183469414710999,46,13,59,現59倉(DCA13+AI46)
2025-08-28,HOLD,24236.45,,0.918785810470581,46,13,59,現59倉(DCA13+AI46)
2025-08-29,HOLD,24233.1,,0.9185183644294739,46,13,59,現59倉(DCA13+AI46)
2025-09-01,HOLD,24071.73,,0.9369641542434692,46,13,59,現59倉(DCA13+AI46)
2025-09-02,HOLD,24016.78,,0.9306425452232361,46,13,59,現59倉(DCA13+AI46)
2025-09-03,HOLD,24100.3,,0.9368665814399719,46,13,59,現59倉(DCA13+AI46)
2025-09-04,HOLD,24179.85,,0.9492607712745667,46,13,59,現59倉(DCA13+AI46)
2025-09-05,HOLD,24494.58,,0.9247767329216003,46,13,59,現59倉(DCA13+AI46)
2025-09-08,HOLD,24547.38,,0.922374427318573,46,13,59,現59倉(DCA13+AI46)
2025-09-09,HOLD,24855.18,,0.909752368927002,46,13,59,現59倉(DCA13+AI46)
2025-09-10,HOLD,25192.59,,0.9047289490699768,46,13,59,現59倉(DCA13+AI46)
2025-09-11,HOLD,25215.71,,0.9135971665382385,46,13,59,現59倉(DCA13+AI46)
2025-09-12,HOLD,25474.64,,0.8682855367660522,46,13,59,現59倉(DCA13+AI46)
2025-09-15,HOLD,25357.16,,0.8288483023643494,46,13,59,現59倉(DCA13+AI46)
2025-09-16,HOLD,25629.64,,0.790635347366333,46,13,59,現59倉(DCA13+AI46)
2025-09-17,HOLD,25438.25,,0.826606035232544,46,13,59,現59倉(DCA13+AI46)
2025-09-18,HOLD,25769.36,,0.8133214712142944,46,13,59,現59倉(DCA13+AI46)
2025-09-19,HOLD,25578.37,,0.915617048740387,46,13,59,現59倉(DCA13+AI46)
2025-09-22,HOLD,25880.6,,0.8500702381134033,46,13,59,現59倉(DCA13+AI46)
2025-09-23,HOLD,26247.37,,0.8713777661323547,46,13,59,現59倉(DCA13+AI46)
2025-09-24,HOLD,26196.73,,0.864717960357666,46,13,59,現59倉(DCA13+AI46)
2025-09-25,HOLD,26023.85,,0.8688919544219971,46,13,59,現59倉(DCA13+AI46)
2025-09-26,HOLD,25580.32,,0.9105664491653442,46,13,59,現59倉(DCA13+AI46)
2025-09-30,HOLD,25820.54,,0.9263883829116821,46,13,59,現59倉(DCA13+AI46)
2025-10-01,HOLD,25982.91,,0.9457226395606995,46,13,59,現59倉(DCA13+AI46)
2025-10-02,HOLD,26378.39,,0.9314715266227722,46,13,59,現59倉(DCA13+AI46)
2025-10-03,HOLD,26761.06,,0.8792450428009033,46,13,59,現59倉(DCA13+AI46)
2025-10-07,HOLD,27211.95,,0.8823297619819641,46,13,59,現59倉(DCA13+AI46)
2025-10-08,HOLD,27063.68,,0.7551822066307068,46,13,59,現59倉(DCA13+AI46)
2025-10-09,HOLD,27301.92,,0.8630909323692322,46,13,59,現59倉(DCA13+AI46)
2025-10-13,HOLD,26923.42,,0.8945795297622681,46,13,59,現59倉(DCA13+AI46)
2025-10-14,HOLD,26793.15,,0.9328671097755432,46,13,59,現59倉(DCA13+AI46)
2025-10-15,HOLD,27275.71,,0.8668038845062256,46,13,59,現59倉(DCA13+AI46)
2025-10-16,HOLD,27647.87,,0.8719664216041565,46,13,59,現59倉(DCA13+AI46)
2025-10-17,HOLD,27302.37,,0.8491885662078857,46,13,59,現59倉(DCA13+AI46)
2025-10-20,HOLD,27688.63,,0.7844577431678772,46,13,59,現59倉(DCA13+AI46)
2025-10-21,HOLD,27752.41,,0.8382058143615723,46,13,59,現59倉(DCA13+AI46)
2025-10-22,HOLD,27648.91,,0.7976207137107849,46,13,59,現59倉(DCA13+AI46)
2025-10-23,HOLD,27532.26,,0.8027752637863159,46,13,59,現59倉(DCA13+AI46)
2025-10-27,HOLD,27993.63,,0.8341113924980164,46,13,59,現59倉(DCA13+AI46)
2025-10-28,HOLD,27949.11,,0.8319622278213501,46,13,59,現59倉(DCA13+AI46)
2025-10-29,HOLD,28294.74,,0.8311628103256226,46,13,59,現59倉(DCA13+AI46)
2025-10-30,HOLD,28287.53,,0.8523088693618774,46,13,59,現59倉(DCA13+AI46)
2025-10-31,HOLD,28233.35,,0.8126963376998901,46,13,59,現59倉(DCA13+AI46)
2025-11-03,HOLD,28334.59,,0.8461170792579651,46,13,59,現59倉(DCA13+AI46)
2025-11-04,HOLD,28116.56,,0.8685026168823242,46,13,59,現59倉(DCA13+AI46)
2025-11-05,HOLD,27717.06,,0.9153909683227539,46,13,59,現59倉(DCA13+AI46)
2025-11-06,HOLD,27899.45,,0.8928029537200928,46,13,59,現59倉(DCA13+AI46)
2025-11-07,HOLD,27651.41,,0.9108520746231079,46,13,59,現59倉(DCA13+AI46)
2025-11-10,HOLD,27869.51,,0.9292657375335693,46,13,59,現59倉(DCA13+AI46)
2025-11-11,HOLD,27784.95,,0.9441863894462585,46,13,59,現59倉(DCA13+AI46)
2025-11-12,HOLD,27947.09,,0.9434337019920349,46,13,59,現59倉(DCA13+AI46)
2025-11-13,HOLD,27903.56,,0.9541359543800354,46,13,59,現59倉(DCA13+AI46)
2025-11-14,HOLD,27397.5,,0.9577910304069519,46,13,59,現59倉(DCA13+AI46)
2025-11-17,HOLD,27447.31,,0.9553341865539551,46,13,59,現59倉(DCA13+AI46)
2025-11-18,HOLD,26756.12,,0.9705645442008972,46,13,59,現59倉(DCA13+AI46)
2025-11-19,HOLD,26580.12,,0.966149091720581,46,13,59,現59倉(DCA13+AI46)
2025-11-20,HOLD,27426.36,,0.966061532497406,46,13,59,現59倉(DCA13+AI46)
2025-11-21,HOLD,26434.94,,0.9651893973350525,46,13,59,現59倉(DCA13+AI46)
2025-11-24,HOLD,26504.24,,0.9718248248100281,46,13,59,現59倉(DCA13+AI46)
2025-11-25,HOLD,26912.17,,0.9572537541389465,46,13,59,現59倉(DCA13+AI46)
2025-11-26,HOLD,27409.54,,0.9456391334533691,46,13,59,現59倉(DCA13+AI46)
2025-11-27,HOLD,27554.53,,0.9040783643722534,46,13,59,現59倉(DCA13+AI46)
2025-11-28,HOLD,27626.48,,0.8425559401512146,46,13,59,現59倉(DCA13+AI46)
2025-12-01,HOLD,27342.53,,0.8266216516494751,46,14,60,"DCA+1倉, 現60倉(DCA14+AI46)"
2025-12-02,HOLD,27564.27,,0.8164999485015869,46,14,60,現60倉(DCA14+AI46)
2025-12-03,HOLD,27793.04,,0.7642068862915039,46,14,60,現60倉(DCA14+AI46)
2025-12-04,BUY,27795.71,0.9999934434890747,0.5015382766723633,45,14,59,"AI-2倉, AI+1倉, 現59倉(DCA14+AI45)"
2025-12-05,BUY,27980.89,0.9999934434890747,0.8328525424003601,46,14,60,"AI+1倉, 現60倉(DCA14+AI46)"
2025-12-08,BUY,28303.78,0.9999934434890747,0.5540992021560669,33,14,47,"AI-14倉, AI+1倉, 現47倉(DCA14+AI33)"
2025-12-09,BUY,28182.6,0.9999934434890747,0.8483629822731018,34,14,48,"AI+1倉, 現48倉(DCA14+AI34)"
2025-12-10,BUY,28400.73,0.9999934434890747,0.8398752212524414,35,14,49,"AI+1倉, 現49倉(DCA14+AI35)"
2025-12-11,BUY,28024.75,0.9999934434890747,0.9020759463310242,36,14,50,"AI+1倉, 現50倉(DCA14+AI36)"
2025-12-12,HOLD,28198.02,0.9999934434890747,0.9016304016113281,36,14,50,現50倉(DCA14+AI36)
2025-12-15,HOLD,27866.94,0.9999934434890747,0.9189417958259583,36,14,50,現50倉(DCA14+AI36)
2025-12-16,HOLD,27536.66,0.9999934434890747,0.96006840467453,36,14,50,現50倉(DCA14+AI36)
2025-12-17,HOLD,27525.17,0.9999934434890747,0.9683400392532349,36,14,50,現50倉(DCA14+AI36)
2025-12-18,HOLD,27468.53,0.9999934434890747,0.9673047661781311,36,14,50,現50倉(DCA14+AI36)
2025-12-19,HOLD,27696.35,0.9999934434890747,0.9733813405036926,36,14,50,現50倉(DCA14+AI36)
2025-12-22,HOLD,28149.64,0.9999934434890747,0.9656385183334351,36,14,50,現50倉(DCA14+AI36)
2025-12-23,HOLD,28310.47,0.9999934434890747,0.941053569316864,36,14,50,現50倉(DCA14+AI36)
2025-12-24,HOLD,28371.98,0.9999934434890747,0.902508020401001,36,14,50,現50倉(DCA14+AI36)
2025-12-26,BUY,28556.02,0.9999934434890747,0.8671350479125977,37,14,51,"AI+1倉, 現51倉(DCA14+AI37)"
